location_id,location_name,time_year,time_month,time_week,total_base_price
1,New York,2012,2,5,1.600
1,New York,2012,2,6,1.600
1,New York,2012,2,7,0.800
1,New York,2012,2,8,0.800
1,New York,2012,2,9,1.000
1,New York,2012,3,9,1.067
1,New York,2012,3,10,1.333
1,New York,2012,3,11,1.200
1,New York,2012,3,12,1.333
1,New York,2012,3,13,1.257
1,New York,2012,4,14,1.000
1,New York,2012,4,15,1.108
1,New York,2012,4,16,1.244
1,New York,2012,4,17,1.067
1,New York,2012,4,18,1.600
1,New York,2012,5,18,1.067
1,New York,2012,5,19,1.029
1,New York,2012,5,20,1.067
1,New York,2012,5,21,0.800
1,New York,2012,5,22,1.257
1,New York,2012,6,23,0.800
1,New York,2012,6,24,1.200
1,New York,2012,6,25,1.000
1,New York,2012,6,26,1.018
1,New York,2012,7,27,0.945
1,New York,2012,7,28,1.120
1,New York,2012,7,29,1.018
1,New York,2012,7,30,1.120
1,New York,2012,7,31,0.900
1,New York,2012,8,31,1.280
1,New York,2012,8,32,0.978
1,New York,2012,8,33,0.960
1,New York,2012,8,34,1.120
1,New York,2012,8,35,1.067
1,New York,2012,9,36,1.029
1,New York,2012,9,37,0.978
1,New York,2012,9,38,1.156
1,New York,2012,9,39,0.923
1,New York,2012,10,40,1.200
1,New York,2012,10,41,0.945
1,New York,2012,10,42,1.143
1,New York,2012,10,43,1.200
1,New York,2012,10,44,1.067
1,New York,2012,11,44,1.000
1,New York,2012,11,45,1.091
1,New York,2012,11,46,1.120
1,New York,2012,11,47,1.309
1,New York,2012,11,48,0.800
1,New York,2012,12,1,1.200
1,New York,2012,12,49,0.960
1,New York,2012,12,50,1.040
1,New York,2012,12,51,1.067
1,New York,2012,12,52,0.960
1,New York,2013,1,1,0.960
1,New York,2013,1,2,1.000
1,New York,2013,1,3,0.800
1,New York,2013,1,4,0.800
1,New York,2013,1,5,1.120
1,New York,2013,2,5,0.800
1,New York,2013,2,6,1.086
1,New York,2013,2,7,1.000
1,New York,2013,2,8,1.120
1,New York,2013,2,9,0.800
1,New York,2013,3,9,1.200
1,New York,2013,3,10,1.100
1,New York,2013,3,11,1.257
1,New York,2013,3,12,1.200
1,New York,2013,3,13,1.029
1,New York,2013,4,14,1.013
1,New York,2013,4,15,1.143
1,New York,2013,4,16,1.067
1,New York,2013,4,17,1.040
1,New York,2013,4,18,1.333
1,New York,2013,5,18,1.091
1,New York,2013,5,19,1.040
1,New York,2013,5,20,1.067
1,New York,2013,5,21,1.300
1,New York,2013,5,22,1.018
1,New York,2013,6,23,1.108
1,New York,2013,6,24,0.889
1,New York,2013,6,25,1.018
1,New York,2013,6,26,1.173
1,New York,2013,7,27,1.200
1,New York,2013,7,28,1.500
1,New York,2013,7,29,1.200
1,New York,2013,7,30,1.100
1,New York,2013,7,31,1.200
1,New York,2013,8,31,0.800
1,New York,2013,8,32,1.100
1,New York,2013,8,33,1.018
1,New York,2013,8,34,1.200
1,New York,2013,8,35,1.133
1,New York,2013,9,36,1.018
1,New York,2013,9,37,0.800
1,New York,2013,9,38,1.067
1,New York,2013,9,39,1.143
1,New York,2013,9,40,1.067
1,New York,2013,10,40,1.000
1,New York,2013,10,41,0.884
1,New York,2013,10,42,0.873
1,New York,2013,10,43,0.862
1,New York,2013,10,44,1.100
1,New York,2013,11,44,1.600
1,New York,2013,11,45,1.029
1,New York,2013,11,46,1.200
1,New York,2013,11,47,0.933
1,New York,2013,11,48,0.800
1,New York,2013,12,1,1.040
1,New York,2013,12,49,0.933
1,New York,2013,12,50,1.280
1,New York,2013,12,51,0.960
1,New York,2013,12,52,1.000
1,New York,2014,1,1,1.029
1,New York,2014,1,2,0.960
1,New York,2014,1,3,1.309
1,New York,2014,1,4,1.067
1,New York,2014,1,5,0.889
1,New York,2014,2,6,1.244
1,New York,2014,2,7,0.800
1,New York,2014,2,8,1.013
1,New York,2014,2,9,1.018
1,New York,2014,3,10,0.960
1,New York,2014,3,11,1.156
1,New York,2014,3,12,1.300
1,New York,2014,3,13,1.035
1,New York,2014,4,14,1.067
1,New York,2014,4,15,1.029
1,New York,2014,4,16,1.067
1,New York,2014,4,17,0.889
1,New York,2014,4,18,1.067
1,New York,2014,5,18,1.200
1,New York,2014,5,19,1.000
1,New York,2014,5,20,1.018
1,New York,2014,5,21,1.000
1,New York,2014,5,22,0.933
1,New York,2014,6,23,1.067
1,New York,2014,6,24,0.800
1,New York,2014,6,25,1.067
1,New York,2014,6,26,0.978
1,New York,2014,6,27,1.600
1,New York,2014,7,27,1.200
1,New York,2014,7,28,1.108
1,New York,2014,7,29,0.985
1,New York,2014,7,30,1.244
1,New York,2014,7,31,1.067
1,New York,2014,8,31,0.800
1,New York,2014,8,32,1.143
1,New York,2014,8,33,1.100
1,New York,2014,8,34,1.040
1,New York,2014,8,35,1.156
1,New York,2014,9,36,1.013
1,New York,2014,9,37,1.156
1,New York,2014,9,38,1.143
1,New York,2014,9,39,1.040
1,New York,2014,9,40,0.960
1,New York,2014,10,40,1.120
1,New York,2014,10,41,1.040
1,New York,2014,10,42,1.000
1,New York,2014,10,43,0.900
1,New York,2014,10,44,1.067
1,New York,2014,11,45,1.200
1,New York,2014,11,46,1.067
1,New York,2014,11,47,1.067
1,New York,2014,11,48,1.244
1,New York,2014,12,1,1.143
1,New York,2014,12,49,1.040
1,New York,2014,12,50,1.164
1,New York,2014,12,51,1.143
1,New York,2014,12,52,0.960
1,New York,2015,1,1,1.067
1,New York,2015,1,2,1.200
1,New York,2015,1,3,0.889
1,New York,2015,1,4,1.300
1,New York,2015,1,5,1.000
1,New York,2015,2,6,1.067
1,New York,2015,2,7,1.200
1,New York,2015,2,8,1.040
1,New York,2015,2,9,1.333
1,New York,2015,3,10,0.978
1,New York,2015,3,11,1.200
1,New York,2015,3,12,1.467
1,New York,2015,3,13,1.100
1,New York,2015,3,14,1.600
1,New York,2015,4,14,1.067
1,New York,2015,4,15,1.067
1,New York,2015,4,16,0.914
1,New York,2015,4,17,0.933
1,New York,2015,4,18,0.800
1,New York,2015,5,18,1.200
1,New York,2015,5,19,0.800
1,New York,2015,5,20,1.200
1,New York,2015,5,21,1.067
1,New York,2015,5,22,1.400
1,New York,2015,6,23,1.200
1,New York,2015,6,24,0.978
1,New York,2015,6,25,1.067
1,New York,2015,6,26,1.440
1,New York,2015,6,27,0.800
1,New York,2015,7,27,0.800
1,New York,2015,7,28,1.120
1,New York,2015,7,29,1.000
1,New York,2015,7,30,1.400
1,New York,2015,7,31,1.067
1,New York,2015,8,32,1.120
1,New York,2015,8,33,1.067
1,New York,2015,8,34,1.000
1,New York,2015,8,35,0.933
1,New York,2015,8,36,1.200
1,New York,2015,9,36,0.889
1,New York,2015,9,37,1.280
1,New York,2015,9,38,0.800
1,New York,2015,9,39,0.933
1,New York,2015,9,40,0.800
1,New York,2015,10,40,0.800
1,New York,2015,10,41,1.280
1,New York,2015,10,42,1.067
1,New York,2015,10,43,1.333
1,New York,2015,10,44,1.029
1,New York,2015,11,45,0.800
1,New York,2015,11,46,0.933
1,New York,2015,11,47,0.800
1,New York,2015,11,48,0.960
1,New York,2015,11,49,1.600
1,New York,2015,12,49,0.800
1,New York,2015,12,50,1.067
1,New York,2015,12,51,1.029
1,New York,2015,12,52,0.914
1,New York,2015,12,53,1.333
1,New York,2016,1,1,1.143
1,New York,2016,1,2,1.067
1,New York,2016,1,3,1.067
1,New York,2016,1,4,1.400
1,New York,2016,1,53,0.800
1,New York,2016,2,5,1.000
1,New York,2016,2,6,1.000
1,New York,2016,2,7,0.800
1,New York,2016,2,8,1.600
1,New York,2016,2,9,1.600
1,New York,2016,3,9,0.800
1,New York,2016,3,10,1.067
1,New York,2016,3,11,0.800
1,New York,2016,3,12,1.067
1,New York,2016,3,13,1.200
1,New York,2016,4,14,0.800
1,New York,2016,4,15,1.600
1,New York,2016,4,17,0.800
2,Atlanta,2012,2,8,0.800
2,Atlanta,2012,2,9,0.800
2,Atlanta,2012,3,9,0.800
2,Atlanta,2012,3,10,0.800
2,Atlanta,2012,3,11,1.000
2,Atlanta,2012,3,12,1.371
2,Atlanta,2012,3,13,1.067
2,Atlanta,2012,4,14,1.236
2,Atlanta,2012,4,15,1.200
2,Atlanta,2012,4,16,1.133
2,Atlanta,2012,4,17,0.985
2,Atlanta,2012,4,18,1.200
2,Atlanta,2012,5,18,1.257
2,Atlanta,2012,5,19,0.945
2,Atlanta,2012,5,20,1.143
2,Atlanta,2012,5,21,1.029
2,Atlanta,2012,5,22,0.800
2,Atlanta,2012,6,22,1.600
2,Atlanta,2012,6,23,0.960
2,Atlanta,2012,6,24,1.236
2,Atlanta,2012,6,25,1.000
2,Atlanta,2012,6,26,0.800
2,Atlanta,2012,7,27,1.156
2,Atlanta,2012,7,28,1.120
2,Atlanta,2012,7,29,1.000
2,Atlanta,2012,7,30,1.156
2,Atlanta,2012,7,31,1.200
2,Atlanta,2012,8,31,1.156
2,Atlanta,2012,8,32,1.067
2,Atlanta,2012,8,33,0.978
2,Atlanta,2012,8,34,1.156
2,Atlanta,2012,8,35,0.985
2,Atlanta,2012,9,36,1.133
2,Atlanta,2012,9,37,0.800
2,Atlanta,2012,9,38,1.143
2,Atlanta,2012,9,39,1.086
2,Atlanta,2012,10,40,1.100
2,Atlanta,2012,10,41,1.067
2,Atlanta,2012,10,42,0.889
2,Atlanta,2012,10,43,1.100
2,Atlanta,2012,10,44,0.960
2,Atlanta,2012,11,44,1.143
2,Atlanta,2012,11,45,0.945
2,Atlanta,2012,11,46,1.143
2,Atlanta,2012,11,47,1.200
2,Atlanta,2012,11,48,1.029
2,Atlanta,2012,12,1,1.200
2,Atlanta,2012,12,49,1.176
2,Atlanta,2012,12,50,1.257
2,Atlanta,2012,12,51,0.880
2,Atlanta,2012,12,52,1.257
2,Atlanta,2013,1,1,0.933
2,Atlanta,2013,1,2,0.800
2,Atlanta,2013,1,3,1.046
2,Atlanta,2013,1,4,1.267
2,Atlanta,2013,1,5,0.960
2,Atlanta,2013,2,5,0.800
2,Atlanta,2013,2,6,1.200
2,Atlanta,2013,2,7,0.900
2,Atlanta,2013,2,8,1.000
2,Atlanta,2013,2,9,0.945
2,Atlanta,2013,3,9,1.600
2,Atlanta,2013,3,10,0.960
2,Atlanta,2013,3,11,1.000
2,Atlanta,2013,3,12,1.371
2,Atlanta,2013,3,13,0.800
2,Atlanta,2013,4,14,1.029
2,Atlanta,2013,4,15,1.067
2,Atlanta,2013,4,16,0.985
2,Atlanta,2013,4,17,1.029
2,Atlanta,2013,4,18,1.067
2,Atlanta,2013,5,18,1.067
2,Atlanta,2013,5,19,1.164
2,Atlanta,2013,5,20,0.933
2,Atlanta,2013,5,21,1.244
2,Atlanta,2013,5,22,0.867
2,Atlanta,2013,6,23,1.086
2,Atlanta,2013,6,24,1.227
2,Atlanta,2013,6,25,1.100
2,Atlanta,2013,6,26,1.067
2,Atlanta,2013,7,27,1.143
2,Atlanta,2013,7,28,1.029
2,Atlanta,2013,7,29,1.300
2,Atlanta,2013,7,30,1.067
2,Atlanta,2013,7,31,1.600
2,Atlanta,2013,8,31,1.120
2,Atlanta,2013,8,32,0.914
2,Atlanta,2013,8,33,1.280
2,Atlanta,2013,8,34,1.100
2,Atlanta,2013,8,35,0.945
2,Atlanta,2013,9,36,1.029
2,Atlanta,2013,9,37,0.933
2,Atlanta,2013,9,38,0.945
2,Atlanta,2013,9,39,1.000
2,Atlanta,2013,9,40,1.200
2,Atlanta,2013,10,40,1.244
2,Atlanta,2013,10,41,0.933
2,Atlanta,2013,10,42,1.200
2,Atlanta,2013,10,43,1.067
2,Atlanta,2013,10,44,0.933
2,Atlanta,2013,11,44,1.600
2,Atlanta,2013,11,45,1.013
2,Atlanta,2013,11,46,1.067
2,Atlanta,2013,11,47,1.133
2,Atlanta,2013,11,48,0.800
2,Atlanta,2013,12,1,0.800
2,Atlanta,2013,12,49,0.960
2,Atlanta,2013,12,50,1.029
2,Atlanta,2013,12,51,1.200
2,Atlanta,2013,12,52,1.000
2,Atlanta,2014,1,1,1.100
2,Atlanta,2014,1,2,1.133
2,Atlanta,2014,1,3,1.050
2,Atlanta,2014,1,4,1.200
2,Atlanta,2014,1,5,1.150
2,Atlanta,2014,2,6,0.800
2,Atlanta,2014,2,7,1.200
2,Atlanta,2014,2,8,1.200
2,Atlanta,2014,2,9,0.914
2,Atlanta,2014,3,10,0.900
2,Atlanta,2014,3,11,0.914
2,Atlanta,2014,3,12,0.889
2,Atlanta,2014,3,13,1.164
2,Atlanta,2014,3,14,1.200
2,Atlanta,2014,4,14,1.108
2,Atlanta,2014,4,15,1.156
2,Atlanta,2014,4,16,1.236
2,Atlanta,2014,4,17,0.889
2,Atlanta,2014,4,18,1.244
2,Atlanta,2014,5,18,1.000
2,Atlanta,2014,5,19,0.914
2,Atlanta,2014,5,20,1.029
2,Atlanta,2014,5,21,1.200
2,Atlanta,2014,5,22,1.067
2,Atlanta,2014,6,23,1.292
2,Atlanta,2014,6,24,1.200
2,Atlanta,2014,6,25,1.000
2,Atlanta,2014,6,26,1.200
2,Atlanta,2014,7,27,0.960
2,Atlanta,2014,7,28,0.960
2,Atlanta,2014,7,29,1.018
2,Atlanta,2014,7,30,0.880
2,Atlanta,2014,7,31,0.800
2,Atlanta,2014,8,32,0.971
2,Atlanta,2014,8,33,0.914
2,Atlanta,2014,8,34,0.914
2,Atlanta,2014,8,35,0.900
2,Atlanta,2014,9,36,1.086
2,Atlanta,2014,9,37,1.200
2,Atlanta,2014,9,38,1.156
2,Atlanta,2014,9,39,1.156
2,Atlanta,2014,9,40,1.029
2,Atlanta,2014,10,40,0.800
2,Atlanta,2014,10,41,1.120
2,Atlanta,2014,10,42,0.914
2,Atlanta,2014,10,43,1.133
2,Atlanta,2014,10,44,1.164
2,Atlanta,2014,11,45,1.091
2,Atlanta,2014,11,46,1.133
2,Atlanta,2014,11,47,1.257
2,Atlanta,2014,11,48,1.067
2,Atlanta,2014,12,1,1.000
2,Atlanta,2014,12,49,1.173
2,Atlanta,2014,12,50,1.120
2,Atlanta,2014,12,51,1.000
2,Atlanta,2014,12,52,1.120
2,Atlanta,2015,1,1,0.800
2,Atlanta,2015,1,2,0.900
2,Atlanta,2015,1,3,1.300
2,Atlanta,2015,1,4,0.800
2,Atlanta,2015,1,5,1.040
2,Atlanta,2015,2,6,0.978
2,Atlanta,2015,2,7,1.120
2,Atlanta,2015,2,8,1.156
2,Atlanta,2015,2,9,0.800
2,Atlanta,2015,3,10,0.960
2,Atlanta,2015,3,11,0.800
2,Atlanta,2015,3,12,1.200
2,Atlanta,2015,3,13,1.257
2,Atlanta,2015,3,14,0.800
2,Atlanta,2015,4,14,0.960
2,Atlanta,2015,4,15,1.067
2,Atlanta,2015,4,16,0.960
2,Atlanta,2015,4,17,0.800
2,Atlanta,2015,4,18,1.156
2,Atlanta,2015,5,18,1.600
2,Atlanta,2015,5,19,0.933
2,Atlanta,2015,5,20,1.200
2,Atlanta,2015,5,21,1.280
2,Atlanta,2015,5,22,1.029
2,Atlanta,2015,6,23,0.960
2,Atlanta,2015,6,24,1.600
2,Atlanta,2015,6,25,1.067
2,Atlanta,2015,6,26,1.067
2,Atlanta,2015,6,27,1.280
2,Atlanta,2015,7,27,0.800
2,Atlanta,2015,7,28,1.120
2,Atlanta,2015,7,29,1.200
2,Atlanta,2015,7,30,1.100
2,Atlanta,2015,7,31,1.000
2,Atlanta,2015,8,32,1.000
2,Atlanta,2015,8,33,0.960
2,Atlanta,2015,8,34,1.200
2,Atlanta,2015,8,35,1.200
2,Atlanta,2015,9,36,1.200
2,Atlanta,2015,9,37,0.889
2,Atlanta,2015,9,38,0.889
2,Atlanta,2015,9,39,0.933
2,Atlanta,2015,9,40,1.067
2,Atlanta,2015,10,40,1.600
2,Atlanta,2015,10,41,1.029
2,Atlanta,2015,10,42,1.143
2,Atlanta,2015,10,43,1.120
2,Atlanta,2015,10,44,0.960
2,Atlanta,2015,11,45,1.000
2,Atlanta,2015,11,46,1.120
2,Atlanta,2015,11,47,1.200
2,Atlanta,2015,11,48,1.200
2,Atlanta,2015,12,49,1.120
2,Atlanta,2015,12,50,0.800
2,Atlanta,2015,12,51,0.800
2,Atlanta,2015,12,52,1.029
2,Atlanta,2015,12,53,1.067
2,Atlanta,2016,1,1,1.257
2,Atlanta,2016,1,2,1.280
2,Atlanta,2016,1,3,0.960
2,Atlanta,2016,1,4,1.200
2,Atlanta,2016,2,5,1.067
2,Atlanta,2016,2,6,1.100
2,Atlanta,2016,2,7,0.933
2,Atlanta,2016,2,8,0.933
2,Atlanta,2016,3,9,1.600
2,Atlanta,2016,3,10,0.800
2,Atlanta,2016,3,11,1.067
2,Atlanta,2016,3,12,1.600
2,Atlanta,2016,4,14,0.800
2,Atlanta,2016,4,15,1.200
3,Chicago,2012,2,8,0.800
3,Chicago,2012,3,9,0.800
3,Chicago,2012,3,10,1.000
3,Chicago,2012,3,11,1.029
3,Chicago,2012,3,12,0.800
3,Chicago,2012,3,13,1.000
3,Chicago,2012,4,14,1.133
3,Chicago,2012,4,15,0.923
3,Chicago,2012,4,16,1.067
3,Chicago,2012,4,17,0.960
3,Chicago,2012,4,18,0.800
3,Chicago,2012,5,18,0.978
3,Chicago,2012,5,19,1.000
3,Chicago,2012,5,20,0.933
3,Chicago,2012,5,21,1.046
3,Chicago,2012,5,22,1.200
3,Chicago,2012,6,22,0.800
3,Chicago,2012,6,23,1.040
3,Chicago,2012,6,24,1.000
3,Chicago,2012,6,25,0.914
3,Chicago,2012,6,26,1.029
3,Chicago,2012,7,27,1.040
3,Chicago,2012,7,28,1.018
3,Chicago,2012,7,29,1.086
3,Chicago,2012,7,30,1.169
3,Chicago,2012,7,31,1.120
3,Chicago,2012,8,31,1.067
3,Chicago,2012,8,32,1.108
3,Chicago,2012,8,33,1.360
3,Chicago,2012,8,34,0.889
3,Chicago,2012,8,35,1.029
3,Chicago,2012,9,36,1.018
3,Chicago,2012,9,37,1.067
3,Chicago,2012,9,38,0.880
3,Chicago,2012,9,39,1.029
3,Chicago,2012,10,40,1.156
3,Chicago,2012,10,41,1.156
3,Chicago,2012,10,42,0.978
3,Chicago,2012,10,43,0.978
3,Chicago,2012,10,44,0.978
3,Chicago,2012,11,44,1.280
3,Chicago,2012,11,45,1.309
3,Chicago,2012,11,46,0.960
3,Chicago,2012,11,47,1.143
3,Chicago,2012,11,48,1.156
3,Chicago,2012,12,1,1.600
3,Chicago,2012,12,49,1.371
3,Chicago,2012,12,50,0.923
3,Chicago,2012,12,51,1.029
3,Chicago,2012,12,52,0.960
3,Chicago,2013,1,1,0.800
3,Chicago,2013,1,2,1.029
3,Chicago,2013,1,3,0.960
3,Chicago,2013,1,4,0.867
3,Chicago,2013,1,5,0.960
3,Chicago,2013,2,5,1.200
3,Chicago,2013,2,6,1.000
3,Chicago,2013,2,7,0.900
3,Chicago,2013,2,8,0.971
3,Chicago,2013,2,9,1.200
3,Chicago,2013,3,9,0.800
3,Chicago,2013,3,10,1.244
3,Chicago,2013,3,11,1.067
3,Chicago,2013,3,12,1.164
3,Chicago,2013,3,13,0.800
3,Chicago,2013,4,14,1.067
3,Chicago,2013,4,15,1.333
3,Chicago,2013,4,16,1.108
3,Chicago,2013,4,17,1.067
3,Chicago,2013,4,18,0.960
3,Chicago,2013,5,18,1.400
3,Chicago,2013,5,19,0.800
3,Chicago,2013,5,20,1.100
3,Chicago,2013,5,21,0.960
3,Chicago,2013,5,22,1.029
3,Chicago,2013,6,23,1.300
3,Chicago,2013,6,24,1.029
3,Chicago,2013,6,25,0.960
3,Chicago,2013,6,26,1.120
3,Chicago,2013,7,27,0.800
3,Chicago,2013,7,28,1.067
3,Chicago,2013,7,29,1.280
3,Chicago,2013,7,30,1.100
3,Chicago,2013,7,31,1.000
3,Chicago,2013,8,31,1.200
3,Chicago,2013,8,32,1.143
3,Chicago,2013,8,33,0.933
3,Chicago,2013,8,34,0.880
3,Chicago,2013,8,35,1.244
3,Chicago,2013,9,36,1.067
3,Chicago,2013,9,37,1.200
3,Chicago,2013,9,38,1.120
3,Chicago,2013,9,39,1.200
3,Chicago,2013,9,40,1.067
3,Chicago,2013,10,40,1.200
3,Chicago,2013,10,41,0.800
3,Chicago,2013,10,42,1.067
3,Chicago,2013,10,43,1.164
3,Chicago,2013,10,44,1.143
3,Chicago,2013,11,44,1.000
3,Chicago,2013,11,45,1.133
3,Chicago,2013,11,46,1.200
3,Chicago,2013,11,47,0.914
3,Chicago,2013,11,48,0.960
3,Chicago,2013,12,1,1.200
3,Chicago,2013,12,49,1.382
3,Chicago,2013,12,50,1.067
3,Chicago,2013,12,51,1.029
3,Chicago,2013,12,52,1.029
3,Chicago,2014,1,1,0.800
3,Chicago,2014,1,2,1.156
3,Chicago,2014,1,3,0.960
3,Chicago,2014,1,4,1.133
3,Chicago,2014,1,5,0.914
3,Chicago,2014,2,6,1.360
3,Chicago,2014,2,7,1.000
3,Chicago,2014,2,8,1.091
3,Chicago,2014,2,9,1.200
3,Chicago,2014,3,10,1.067
3,Chicago,2014,3,11,1.029
3,Chicago,2014,3,12,0.933
3,Chicago,2014,3,13,1.280
3,Chicago,2014,3,14,0.800
3,Chicago,2014,4,14,0.800
3,Chicago,2014,4,15,0.978
3,Chicago,2014,4,16,1.067
3,Chicago,2014,4,17,1.173
3,Chicago,2014,4,18,1.067
3,Chicago,2014,5,18,0.800
3,Chicago,2014,5,19,1.018
3,Chicago,2014,5,20,1.257
3,Chicago,2014,5,21,1.000
3,Chicago,2014,5,22,0.960
3,Chicago,2014,6,23,1.091
3,Chicago,2014,6,24,0.800
3,Chicago,2014,6,25,0.880
3,Chicago,2014,6,26,1.371
3,Chicago,2014,6,27,0.800
3,Chicago,2014,7,27,1.200
3,Chicago,2014,7,28,1.000
3,Chicago,2014,7,29,0.978
3,Chicago,2014,7,30,1.000
3,Chicago,2014,7,31,1.280
3,Chicago,2014,8,31,1.200
3,Chicago,2014,8,32,1.143
3,Chicago,2014,8,33,1.000
3,Chicago,2014,8,34,1.040
3,Chicago,2014,8,35,1.100
3,Chicago,2014,9,36,1.280
3,Chicago,2014,9,37,0.978
3,Chicago,2014,9,38,0.880
3,Chicago,2014,9,39,0.867
3,Chicago,2014,9,40,1.067
3,Chicago,2014,10,40,0.800
3,Chicago,2014,10,41,1.200
3,Chicago,2014,10,42,1.133
3,Chicago,2014,10,43,1.000
3,Chicago,2014,10,44,0.914
3,Chicago,2014,11,45,1.086
3,Chicago,2014,11,46,0.985
3,Chicago,2014,11,47,1.143
3,Chicago,2014,11,48,1.091
3,Chicago,2014,12,1,1.029
3,Chicago,2014,12,49,1.143
3,Chicago,2014,12,50,0.978
3,Chicago,2014,12,51,1.000
3,Chicago,2014,12,52,1.100
3,Chicago,2015,1,1,1.333
3,Chicago,2015,1,2,1.000
3,Chicago,2015,1,3,1.164
3,Chicago,2015,1,4,1.000
3,Chicago,2015,1,5,1.018
3,Chicago,2015,2,6,0.900
3,Chicago,2015,2,7,1.040
3,Chicago,2015,2,8,1.000
3,Chicago,2015,2,9,1.200
3,Chicago,2015,3,10,1.200
3,Chicago,2015,3,11,1.200
3,Chicago,2015,3,12,1.400
3,Chicago,2015,3,13,1.120
3,Chicago,2015,3,14,0.800
3,Chicago,2015,4,14,1.600
3,Chicago,2015,4,15,1.120
3,Chicago,2015,4,16,1.600
3,Chicago,2015,4,17,1.000
3,Chicago,2015,4,18,1.029
3,Chicago,2015,5,18,0.800
3,Chicago,2015,5,19,0.978
3,Chicago,2015,5,20,1.000
3,Chicago,2015,5,21,0.800
3,Chicago,2015,5,22,1.200
3,Chicago,2015,6,23,1.000
3,Chicago,2015,6,24,1.120
3,Chicago,2015,6,25,1.200
3,Chicago,2015,6,26,0.800
3,Chicago,2015,6,27,1.200
3,Chicago,2015,7,27,1.067
3,Chicago,2015,7,28,0.800
3,Chicago,2015,7,29,0.933
3,Chicago,2015,7,30,0.978
3,Chicago,2015,7,31,1.100
3,Chicago,2015,8,32,0.985
3,Chicago,2015,8,33,1.120
3,Chicago,2015,8,34,0.800
3,Chicago,2015,8,35,1.029
3,Chicago,2015,8,36,0.800
3,Chicago,2015,9,36,0.800
3,Chicago,2015,9,37,1.067
3,Chicago,2015,9,38,1.067
3,Chicago,2015,9,39,1.200
3,Chicago,2015,9,40,0.914
3,Chicago,2015,10,41,1.067
3,Chicago,2015,10,42,0.900
3,Chicago,2015,10,43,0.900
3,Chicago,2015,10,44,0.800
3,Chicago,2015,11,45,1.067
3,Chicago,2015,11,46,0.800
3,Chicago,2015,11,47,1.164
3,Chicago,2015,11,48,1.067
3,Chicago,2015,11,49,0.800
3,Chicago,2015,12,49,1.029
3,Chicago,2015,12,50,1.100
3,Chicago,2015,12,51,0.960
3,Chicago,2015,12,52,1.100
3,Chicago,2015,12,53,1.200
3,Chicago,2016,1,1,1.067
3,Chicago,2016,1,2,1.067
3,Chicago,2016,1,3,1.100
3,Chicago,2016,1,4,1.000
3,Chicago,2016,2,5,1.067
3,Chicago,2016,2,6,1.280
3,Chicago,2016,2,7,1.200
3,Chicago,2016,2,8,1.200
3,Chicago,2016,2,9,0.800
3,Chicago,2016,3,9,1.067
3,Chicago,2016,3,10,1.200
3,Chicago,2016,3,11,0.800
3,Chicago,2016,3,12,1.333
3,Chicago,2016,3,13,1.067
3,Chicago,2016,4,14,1.600
4,Dallas,2012,2,6,1.600
4,Dallas,2012,2,7,0.800
4,Dallas,2012,2,8,0.800
4,Dallas,2012,2,9,1.000
4,Dallas,2012,3,9,1.000
4,Dallas,2012,3,10,1.200
4,Dallas,2012,3,11,1.000
4,Dallas,2012,3,12,1.067
4,Dallas,2012,3,13,0.800
4,Dallas,2012,4,14,0.900
4,Dallas,2012,4,15,0.985
4,Dallas,2012,4,16,1.067
4,Dallas,2012,4,17,1.200
4,Dallas,2012,5,18,1.100
4,Dallas,2012,5,19,0.900
4,Dallas,2012,5,20,0.914
4,Dallas,2012,5,21,0.900
4,Dallas,2012,5,22,1.000
4,Dallas,2012,6,22,0.800
4,Dallas,2012,6,23,1.100
4,Dallas,2012,6,24,0.985
4,Dallas,2012,6,25,1.086
4,Dallas,2012,6,26,1.040
4,Dallas,2012,7,27,0.985
4,Dallas,2012,7,28,0.945
4,Dallas,2012,7,29,0.933
4,Dallas,2012,7,30,1.120
4,Dallas,2012,7,31,0.800
4,Dallas,2012,8,31,1.120
4,Dallas,2012,8,32,0.880
4,Dallas,2012,8,33,1.000
4,Dallas,2012,8,34,1.236
4,Dallas,2012,8,35,0.889
4,Dallas,2012,9,36,1.300
4,Dallas,2012,9,37,1.029
4,Dallas,2012,9,38,1.029
4,Dallas,2012,9,39,1.086
4,Dallas,2012,10,40,1.029
4,Dallas,2012,10,41,0.914
4,Dallas,2012,10,42,0.867
4,Dallas,2012,10,43,1.000
4,Dallas,2012,10,44,0.800
4,Dallas,2012,11,44,1.067
4,Dallas,2012,11,45,1.120
4,Dallas,2012,11,46,0.867
4,Dallas,2012,11,47,0.978
4,Dallas,2012,11,48,0.900
4,Dallas,2012,12,1,1.600
4,Dallas,2012,12,49,1.018
4,Dallas,2012,12,50,0.857
4,Dallas,2012,12,51,1.280
4,Dallas,2012,12,52,0.945
4,Dallas,2013,1,1,1.244
4,Dallas,2013,1,2,1.067
4,Dallas,2013,1,3,1.100
4,Dallas,2013,1,4,1.067
4,Dallas,2013,1,5,0.880
4,Dallas,2013,2,5,1.600
4,Dallas,2013,2,6,0.800
4,Dallas,2013,2,7,1.267
4,Dallas,2013,2,8,1.164
4,Dallas,2013,2,9,1.143
4,Dallas,2013,3,10,0.933
4,Dallas,2013,3,11,1.067
4,Dallas,2013,3,12,1.200
4,Dallas,2013,3,13,1.156
4,Dallas,2013,4,14,1.280
4,Dallas,2013,4,15,1.000
4,Dallas,2013,4,16,1.120
4,Dallas,2013,4,17,1.200
4,Dallas,2013,4,18,1.440
4,Dallas,2013,5,18,0.800
4,Dallas,2013,5,19,1.040
4,Dallas,2013,5,20,1.120
4,Dallas,2013,5,21,1.169
4,Dallas,2013,5,22,1.029
4,Dallas,2013,6,23,0.900
4,Dallas,2013,6,24,0.960
4,Dallas,2013,6,25,1.029
4,Dallas,2013,6,26,1.040
4,Dallas,2013,7,27,1.133
4,Dallas,2013,7,28,1.067
4,Dallas,2013,7,29,1.000
4,Dallas,2013,7,30,0.914
4,Dallas,2013,7,31,1.200
4,Dallas,2013,8,31,1.000
4,Dallas,2013,8,32,1.029
4,Dallas,2013,8,33,1.018
4,Dallas,2013,8,34,1.200
4,Dallas,2013,8,35,1.067
4,Dallas,2013,9,36,0.900
4,Dallas,2013,9,37,1.164
4,Dallas,2013,9,38,0.880
4,Dallas,2013,9,39,1.257
4,Dallas,2013,10,40,1.333
4,Dallas,2013,10,41,1.029
4,Dallas,2013,10,42,0.971
4,Dallas,2013,10,43,1.150
4,Dallas,2013,10,44,1.400
4,Dallas,2013,11,45,1.100
4,Dallas,2013,11,46,1.120
4,Dallas,2013,11,47,1.200
4,Dallas,2013,11,48,0.914
4,Dallas,2013,12,1,1.400
4,Dallas,2013,12,49,1.100
4,Dallas,2013,12,50,1.046
4,Dallas,2013,12,51,0.914
4,Dallas,2013,12,52,1.156
4,Dallas,2014,1,1,1.200
4,Dallas,2014,1,2,1.200
4,Dallas,2014,1,3,1.300
4,Dallas,2014,1,4,0.900
4,Dallas,2014,1,5,0.978
4,Dallas,2014,2,6,1.108
4,Dallas,2014,2,7,1.100
4,Dallas,2014,2,8,1.200
4,Dallas,2014,2,9,1.280
4,Dallas,2014,3,10,1.046
4,Dallas,2014,3,11,1.000
4,Dallas,2014,3,12,1.143
4,Dallas,2014,3,13,1.000
4,Dallas,2014,3,14,0.800
4,Dallas,2014,4,14,1.091
4,Dallas,2014,4,15,0.867
4,Dallas,2014,4,16,1.067
4,Dallas,2014,4,17,1.200
4,Dallas,2014,4,18,1.400
4,Dallas,2014,5,18,0.914
4,Dallas,2014,5,19,1.067
4,Dallas,2014,5,20,1.067
4,Dallas,2014,5,21,0.873
4,Dallas,2014,5,22,1.333
4,Dallas,2014,6,23,1.150
4,Dallas,2014,6,24,0.914
4,Dallas,2014,6,25,0.880
4,Dallas,2014,6,26,1.156
4,Dallas,2014,6,27,1.200
4,Dallas,2014,7,27,1.244
4,Dallas,2014,7,28,1.029
4,Dallas,2014,7,29,0.889
4,Dallas,2014,7,30,0.889
4,Dallas,2014,7,31,1.067
4,Dallas,2014,8,31,0.800
4,Dallas,2014,8,32,0.978
4,Dallas,2014,8,33,0.933
4,Dallas,2014,8,34,1.067
4,Dallas,2014,8,35,1.091
4,Dallas,2014,9,36,1.164
4,Dallas,2014,9,37,1.100
4,Dallas,2014,9,38,1.029
4,Dallas,2014,9,39,0.945
4,Dallas,2014,9,40,1.600
4,Dallas,2014,10,40,1.100
4,Dallas,2014,10,41,1.086
4,Dallas,2014,10,42,1.120
4,Dallas,2014,10,43,0.978
4,Dallas,2014,10,44,1.018
4,Dallas,2014,11,45,1.029
4,Dallas,2014,11,46,1.067
4,Dallas,2014,11,47,1.200
4,Dallas,2014,11,48,0.985
4,Dallas,2014,12,1,1.067
4,Dallas,2014,12,49,0.978
4,Dallas,2014,12,50,1.133
4,Dallas,2014,12,51,0.971
4,Dallas,2014,12,52,0.914
4,Dallas,2015,1,1,0.800
4,Dallas,2015,1,2,1.200
4,Dallas,2015,1,3,1.200
4,Dallas,2015,1,4,0.960
4,Dallas,2015,1,5,1.257
4,Dallas,2015,2,6,1.200
4,Dallas,2015,2,7,1.200
4,Dallas,2015,2,8,1.120
4,Dallas,2015,2,9,1.000
4,Dallas,2015,3,10,1.200
4,Dallas,2015,3,11,1.067
4,Dallas,2015,3,12,0.880
4,Dallas,2015,3,13,0.914
4,Dallas,2015,3,14,1.067
4,Dallas,2015,4,14,0.800
4,Dallas,2015,4,15,1.000
4,Dallas,2015,4,16,0.800
4,Dallas,2015,4,17,1.067
4,Dallas,2015,4,18,1.000
4,Dallas,2015,5,19,1.067
4,Dallas,2015,5,20,0.800
4,Dallas,2015,5,21,0.960
4,Dallas,2015,5,22,0.800
4,Dallas,2015,6,23,0.978
4,Dallas,2015,6,24,1.143
4,Dallas,2015,6,25,1.200
4,Dallas,2015,6,26,1.257
4,Dallas,2015,7,27,1.000
4,Dallas,2015,7,28,1.000
4,Dallas,2015,7,29,1.067
4,Dallas,2015,7,30,1.000
4,Dallas,2015,7,31,0.914
4,Dallas,2015,8,32,1.280
4,Dallas,2015,8,33,0.933
4,Dallas,2015,8,34,1.000
4,Dallas,2015,8,35,0.800
4,Dallas,2015,8,36,0.800
4,Dallas,2015,9,36,1.333
4,Dallas,2015,9,37,1.067
4,Dallas,2015,9,38,1.067
4,Dallas,2015,9,39,1.333
4,Dallas,2015,9,40,1.067
4,Dallas,2015,10,40,1.200
4,Dallas,2015,10,41,1.100
4,Dallas,2015,10,42,0.900
4,Dallas,2015,10,43,1.200
4,Dallas,2015,10,44,1.067
4,Dallas,2015,11,45,0.800
4,Dallas,2015,11,46,0.800
4,Dallas,2015,11,47,0.914
4,Dallas,2015,11,48,1.143
4,Dallas,2015,11,49,0.800
4,Dallas,2015,12,49,0.800
4,Dallas,2015,12,50,1.143
4,Dallas,2015,12,51,1.029
4,Dallas,2015,12,52,0.800
4,Dallas,2015,12,53,1.120
4,Dallas,2016,1,1,0.800
4,Dallas,2016,1,2,1.300
4,Dallas,2016,1,3,0.800
4,Dallas,2016,1,4,0.900
4,Dallas,2016,2,5,1.040
4,Dallas,2016,2,6,1.000
4,Dallas,2016,2,7,1.000
4,Dallas,2016,2,8,1.600
4,Dallas,2016,3,9,0.800
4,Dallas,2016,3,10,1.200
4,Dallas,2016,3,11,1.600
4,Dallas,2016,3,12,1.000
4,Dallas,2016,3,13,0.800
5,Denver,2012,2,6,0.800
5,Denver,2012,2,7,0.800
5,Denver,2012,2,8,0.800
5,Denver,2012,2,9,0.800
5,Denver,2012,3,9,1.600
5,Denver,2012,3,10,0.914
5,Denver,2012,3,11,0.800
5,Denver,2012,3,12,0.800
5,Denver,2012,3,13,1.029
5,Denver,2012,4,14,1.100
5,Denver,2012,4,15,0.960
5,Denver,2012,4,16,1.244
5,Denver,2012,4,17,1.018
5,Denver,2012,4,18,0.800
5,Denver,2012,5,18,1.067
5,Denver,2012,5,19,0.914
5,Denver,2012,5,20,1.091
5,Denver,2012,5,21,1.257
5,Denver,2012,5,22,1.200
5,Denver,2012,6,23,0.933
5,Denver,2012,6,24,1.236
5,Denver,2012,6,25,1.143
5,Denver,2012,6,26,0.978
5,Denver,2012,7,27,0.960
5,Denver,2012,7,28,1.100
5,Denver,2012,7,29,1.100
5,Denver,2012,7,30,1.100
5,Denver,2012,7,31,1.067
5,Denver,2012,8,31,1.000
5,Denver,2012,8,32,1.200
5,Denver,2012,8,33,1.082
5,Denver,2012,8,34,1.120
5,Denver,2012,8,35,0.933
5,Denver,2012,9,36,1.244
5,Denver,2012,9,37,1.200
5,Denver,2012,9,38,1.300
5,Denver,2012,9,39,1.143
5,Denver,2012,10,40,1.200
5,Denver,2012,10,41,1.000
5,Denver,2012,10,42,1.040
5,Denver,2012,10,43,0.914
5,Denver,2012,10,44,1.333
5,Denver,2012,11,44,0.800
5,Denver,2012,11,45,1.067
5,Denver,2012,11,46,0.960
5,Denver,2012,11,47,1.046
5,Denver,2012,11,48,1.067
5,Denver,2012,12,49,0.978
5,Denver,2012,12,50,1.029
5,Denver,2012,12,51,1.120
5,Denver,2012,12,52,1.156
5,Denver,2013,1,1,1.257
5,Denver,2013,1,2,1.333
5,Denver,2013,1,3,1.018
5,Denver,2013,1,4,1.067
5,Denver,2013,1,5,1.120
5,Denver,2013,2,5,0.800
5,Denver,2013,2,6,1.200
5,Denver,2013,2,7,0.978
5,Denver,2013,2,8,1.244
5,Denver,2013,2,9,1.143
5,Denver,2013,3,10,1.000
5,Denver,2013,3,11,0.900
5,Denver,2013,3,12,1.067
5,Denver,2013,3,13,1.200
5,Denver,2013,4,14,1.231
5,Denver,2013,4,15,1.067
5,Denver,2013,4,16,1.029
5,Denver,2013,4,17,0.800
5,Denver,2013,4,18,0.800
5,Denver,2013,5,18,0.800
5,Denver,2013,5,19,1.086
5,Denver,2013,5,20,1.333
5,Denver,2013,5,21,1.000
5,Denver,2013,5,22,1.143
5,Denver,2013,6,23,1.150
5,Denver,2013,6,24,0.914
5,Denver,2013,6,25,1.067
5,Denver,2013,6,26,1.000
5,Denver,2013,7,27,0.867
5,Denver,2013,7,28,0.800
5,Denver,2013,7,29,1.029
5,Denver,2013,7,30,1.244
5,Denver,2013,7,31,0.933
5,Denver,2013,8,31,1.600
5,Denver,2013,8,32,1.108
5,Denver,2013,8,33,1.100
5,Denver,2013,8,34,1.067
5,Denver,2013,8,35,1.257
5,Denver,2013,9,36,0.960
5,Denver,2013,9,37,1.333
5,Denver,2013,9,38,1.067
5,Denver,2013,9,39,0.914
5,Denver,2013,9,40,0.800
5,Denver,2013,10,40,1.029
5,Denver,2013,10,41,1.091
5,Denver,2013,10,42,1.067
5,Denver,2013,10,43,1.000
5,Denver,2013,10,44,1.280
5,Denver,2013,11,44,1.200
5,Denver,2013,11,45,0.960
5,Denver,2013,11,46,1.067
5,Denver,2013,11,47,1.100
5,Denver,2013,11,48,1.046
5,Denver,2013,12,1,1.067
5,Denver,2013,12,49,1.143
5,Denver,2013,12,50,1.244
5,Denver,2013,12,51,0.873
5,Denver,2013,12,52,1.200
5,Denver,2014,1,1,1.000
5,Denver,2014,1,2,0.985
5,Denver,2014,1,3,1.333
5,Denver,2014,1,4,0.900
5,Denver,2014,1,5,1.018
5,Denver,2014,2,6,1.120
5,Denver,2014,2,7,0.800
5,Denver,2014,2,8,1.422
5,Denver,2014,2,9,0.945
5,Denver,2014,3,10,1.040
5,Denver,2014,3,11,0.945
5,Denver,2014,3,12,1.029
5,Denver,2014,3,13,1.067
5,Denver,2014,3,14,0.800
5,Denver,2014,4,14,1.067
5,Denver,2014,4,15,0.978
5,Denver,2014,4,16,1.046
5,Denver,2014,4,17,1.000
5,Denver,2014,4,18,1.000
5,Denver,2014,5,18,0.800
5,Denver,2014,5,19,1.067
5,Denver,2014,5,20,0.862
5,Denver,2014,5,21,1.440
5,Denver,2014,5,22,1.067
5,Denver,2014,6,23,1.143
5,Denver,2014,6,24,0.945
5,Denver,2014,6,25,1.000
5,Denver,2014,6,26,1.143
5,Denver,2014,6,27,1.000
5,Denver,2014,7,27,1.400
5,Denver,2014,7,28,1.067
5,Denver,2014,7,29,1.133
5,Denver,2014,7,30,0.800
5,Denver,2014,7,31,0.914
5,Denver,2014,8,31,1.200
5,Denver,2014,8,32,1.200
5,Denver,2014,8,33,0.914
5,Denver,2014,8,34,1.100
5,Denver,2014,8,35,1.200
5,Denver,2014,9,36,1.000
5,Denver,2014,9,37,1.169
5,Denver,2014,9,38,0.933
5,Denver,2014,9,39,1.067
5,Denver,2014,9,40,1.000
5,Denver,2014,10,40,0.978
5,Denver,2014,10,41,1.040
5,Denver,2014,10,42,1.091
5,Denver,2014,10,43,0.960
5,Denver,2014,10,44,1.040
5,Denver,2014,11,45,1.040
5,Denver,2014,11,46,1.120
5,Denver,2014,11,47,1.280
5,Denver,2014,11,48,1.067
5,Denver,2014,12,1,1.029
5,Denver,2014,12,49,1.040
5,Denver,2014,12,50,1.200
5,Denver,2014,12,51,0.800
5,Denver,2014,12,52,1.029
5,Denver,2015,1,1,1.100
5,Denver,2015,1,2,1.467
5,Denver,2015,1,3,1.067
5,Denver,2015,1,4,1.200
5,Denver,2015,1,5,1.244
5,Denver,2015,2,6,1.440
5,Denver,2015,2,7,1.018
5,Denver,2015,2,8,1.108
5,Denver,2015,2,9,0.800
5,Denver,2015,3,10,0.978
5,Denver,2015,3,11,0.857
5,Denver,2015,3,12,1.029
5,Denver,2015,3,13,0.960
5,Denver,2015,3,14,0.800
5,Denver,2015,4,14,0.800
5,Denver,2015,4,15,1.067
5,Denver,2015,4,16,1.120
5,Denver,2015,4,17,1.000
5,Denver,2015,4,18,0.933
5,Denver,2015,5,18,0.800
5,Denver,2015,5,19,0.933
5,Denver,2015,5,20,1.400
5,Denver,2015,5,21,1.440
5,Denver,2015,5,22,1.067
5,Denver,2015,6,23,0.880
5,Denver,2015,6,24,0.800
5,Denver,2015,6,25,0.900
5,Denver,2015,6,26,1.200
5,Denver,2015,6,27,1.200
5,Denver,2015,7,27,1.067
5,Denver,2015,7,28,0.960
5,Denver,2015,7,29,1.600
5,Denver,2015,7,30,1.280
5,Denver,2015,7,31,1.100
5,Denver,2015,8,32,1.600
5,Denver,2015,8,33,1.300
5,Denver,2015,8,34,0.800
5,Denver,2015,8,35,1.280
5,Denver,2015,9,36,1.067
5,Denver,2015,9,37,1.000
5,Denver,2015,9,38,1.100
5,Denver,2015,9,39,0.933
5,Denver,2015,9,40,1.600
5,Denver,2015,10,40,0.800
5,Denver,2015,10,41,1.600
5,Denver,2015,10,42,1.067
5,Denver,2015,10,43,1.200
5,Denver,2015,10,44,1.000
5,Denver,2015,11,45,1.400
5,Denver,2015,11,46,0.960
5,Denver,2015,11,47,1.067
5,Denver,2015,11,48,0.800
5,Denver,2015,12,49,0.800
5,Denver,2015,12,50,1.100
5,Denver,2015,12,51,0.960
5,Denver,2015,12,52,1.029
5,Denver,2015,12,53,1.200
5,Denver,2016,1,1,1.200
5,Denver,2016,1,2,0.800
5,Denver,2016,1,3,1.257
5,Denver,2016,1,4,1.200
5,Denver,2016,1,53,1.600
5,Denver,2016,2,5,0.800
5,Denver,2016,2,6,0.800
5,Denver,2016,2,7,1.143
5,Denver,2016,2,8,1.200
5,Denver,2016,2,9,0.800
5,Denver,2016,3,9,1.029
5,Denver,2016,3,10,0.800
5,Denver,2016,3,11,1.280
5,Denver,2016,3,12,1.200
5,Denver,2016,3,13,0.800
5,Denver,2016,4,14,0.800
5,Denver,2016,4,15,1.600
6,Los Angeles,2012,2,7,0.800
6,Los Angeles,2012,2,8,1.600
6,Los Angeles,2012,2,9,1.600
6,Los Angeles,2012,3,10,0.800
6,Los Angeles,2012,3,11,0.978
6,Los Angeles,2012,3,12,1.156
6,Los Angeles,2012,3,13,1.067
6,Los Angeles,2012,4,14,0.900
6,Los Angeles,2012,4,15,1.067
6,Los Angeles,2012,4,16,1.040
6,Los Angeles,2012,4,17,0.971
6,Los Angeles,2012,4,18,0.800
6,Los Angeles,2012,5,18,1.200
6,Los Angeles,2012,5,19,0.800
6,Los Angeles,2012,5,20,1.000
6,Los Angeles,2012,5,21,1.257
6,Los Angeles,2012,5,22,1.280
6,Los Angeles,2012,6,22,1.200
6,Los Angeles,2012,6,23,1.067
6,Los Angeles,2012,6,24,0.914
6,Los Angeles,2012,6,25,1.231
6,Los Angeles,2012,6,26,1.300
6,Los Angeles,2012,7,27,0.800
6,Los Angeles,2012,7,28,1.067
6,Los Angeles,2012,7,29,1.067
6,Los Angeles,2012,7,30,0.960
6,Los Angeles,2012,7,31,0.800
6,Los Angeles,2012,8,31,0.800
6,Los Angeles,2012,8,32,1.120
6,Los Angeles,2012,8,33,0.800
6,Los Angeles,2012,8,34,0.880
6,Los Angeles,2012,8,35,0.978
6,Los Angeles,2012,9,36,0.960
6,Los Angeles,2012,9,37,0.960
6,Los Angeles,2012,9,38,1.000
6,Los Angeles,2012,9,39,0.914
6,Los Angeles,2012,10,40,0.900
6,Los Angeles,2012,10,41,1.091
6,Los Angeles,2012,10,42,1.029
6,Los Angeles,2012,10,43,1.067
6,Los Angeles,2012,10,44,0.800
6,Los Angeles,2012,11,44,0.960
6,Los Angeles,2012,11,45,1.267
6,Los Angeles,2012,11,46,1.371
6,Los Angeles,2012,11,47,1.422
6,Los Angeles,2012,11,48,1.120
6,Los Angeles,2012,12,49,1.100
6,Los Angeles,2012,12,50,1.164
6,Los Angeles,2012,12,51,0.800
6,Los Angeles,2012,12,52,1.156
6,Los Angeles,2013,1,1,0.800
6,Los Angeles,2013,1,2,0.900
6,Los Angeles,2013,1,3,0.900
6,Los Angeles,2013,1,4,0.933
6,Los Angeles,2013,1,5,0.960
6,Los Angeles,2013,2,5,1.200
6,Los Angeles,2013,2,6,1.224
6,Los Angeles,2013,2,7,1.143
6,Los Angeles,2013,2,8,1.333
6,Los Angeles,2013,2,9,1.046
6,Los Angeles,2013,3,9,1.200
6,Los Angeles,2013,3,10,1.120
6,Los Angeles,2013,3,11,1.200
6,Los Angeles,2013,3,12,1.143
6,Los Angeles,2013,3,13,0.889
6,Los Angeles,2013,4,14,1.091
6,Los Angeles,2013,4,15,1.164
6,Los Angeles,2013,4,16,0.978
6,Los Angeles,2013,4,17,1.000
6,Los Angeles,2013,4,18,0.800
6,Los Angeles,2013,5,18,0.800
6,Los Angeles,2013,5,19,1.067
6,Los Angeles,2013,5,20,1.029
6,Los Angeles,2013,5,21,1.000
6,Los Angeles,2013,5,22,1.100
6,Los Angeles,2013,6,23,1.040
6,Los Angeles,2013,6,24,0.800
6,Los Angeles,2013,6,25,1.040
6,Los Angeles,2013,6,26,0.880
6,Los Angeles,2013,7,27,1.200
6,Los Angeles,2013,7,28,1.244
6,Los Angeles,2013,7,29,0.960
6,Los Angeles,2013,7,30,0.985
6,Los Angeles,2013,7,31,0.933
6,Los Angeles,2013,8,31,1.067
6,Los Angeles,2013,8,32,1.120
6,Los Angeles,2013,8,33,1.108
6,Los Angeles,2013,8,34,1.200
6,Los Angeles,2013,8,35,1.156
6,Los Angeles,2013,9,36,1.200
6,Los Angeles,2013,9,37,1.091
6,Los Angeles,2013,9,38,0.862
6,Los Angeles,2013,9,39,1.200
6,Los Angeles,2013,9,40,1.600
6,Los Angeles,2013,10,40,0.800
6,Los Angeles,2013,10,41,1.309
6,Los Angeles,2013,10,42,1.156
6,Los Angeles,2013,10,43,1.018
6,Los Angeles,2013,10,44,1.257
6,Los Angeles,2013,11,44,1.067
6,Los Angeles,2013,11,45,0.933
6,Los Angeles,2013,11,46,1.100
6,Los Angeles,2013,11,47,1.143
6,Los Angeles,2013,11,48,1.067
6,Los Angeles,2013,12,1,0.800
6,Los Angeles,2013,12,49,1.200
6,Los Angeles,2013,12,50,1.040
6,Los Angeles,2013,12,51,0.960
6,Los Angeles,2013,12,52,0.923
6,Los Angeles,2014,1,1,1.400
6,Los Angeles,2014,1,2,0.960
6,Los Angeles,2014,1,3,1.067
6,Los Angeles,2014,1,4,1.164
6,Los Angeles,2014,1,5,0.862
6,Los Angeles,2014,2,6,0.900
6,Los Angeles,2014,2,7,0.889
6,Los Angeles,2014,2,8,0.914
6,Los Angeles,2014,2,9,0.985
6,Los Angeles,2014,3,10,1.164
6,Los Angeles,2014,3,11,0.933
6,Los Angeles,2014,3,12,1.067
6,Los Angeles,2014,3,13,0.978
6,Los Angeles,2014,3,14,1.600
6,Los Angeles,2014,4,14,1.067
6,Los Angeles,2014,4,15,0.960
6,Los Angeles,2014,4,16,0.933
6,Los Angeles,2014,4,17,1.164
6,Los Angeles,2014,4,18,1.000
6,Los Angeles,2014,5,18,0.800
6,Los Angeles,2014,5,19,1.040
6,Los Angeles,2014,5,20,1.164
6,Los Angeles,2014,5,21,1.200
6,Los Angeles,2014,5,22,1.067
6,Los Angeles,2014,6,23,1.143
6,Los Angeles,2014,6,24,0.960
6,Los Angeles,2014,6,25,1.100
6,Los Angeles,2014,6,26,1.143
6,Los Angeles,2014,6,27,1.600
6,Los Angeles,2014,7,27,1.156
6,Los Angeles,2014,7,28,1.000
6,Los Angeles,2014,7,29,0.971
6,Los Angeles,2014,7,30,1.000
6,Los Angeles,2014,7,31,1.000
6,Los Angeles,2014,8,31,1.200
6,Los Angeles,2014,8,32,1.400
6,Los Angeles,2014,8,33,0.960
6,Los Angeles,2014,8,34,0.960
6,Los Angeles,2014,8,35,1.000
6,Los Angeles,2014,9,36,1.200
6,Los Angeles,2014,9,37,1.095
6,Los Angeles,2014,9,38,1.091
6,Los Angeles,2014,9,39,1.046
6,Los Angeles,2014,9,40,1.200
6,Los Angeles,2014,10,40,1.100
6,Los Angeles,2014,10,41,1.029
6,Los Angeles,2014,10,42,1.067
6,Los Angeles,2014,10,43,1.040
6,Los Angeles,2014,10,44,1.000
6,Los Angeles,2014,11,45,0.978
6,Los Angeles,2014,11,46,0.907
6,Los Angeles,2014,11,47,1.091
6,Los Angeles,2014,11,48,1.067
6,Los Angeles,2014,12,1,0.800
6,Los Angeles,2014,12,49,1.200
6,Los Angeles,2014,12,50,1.000
6,Los Angeles,2014,12,51,1.067
6,Los Angeles,2014,12,52,1.018
6,Los Angeles,2015,1,1,1.000
6,Los Angeles,2015,1,2,0.880
6,Los Angeles,2015,1,3,1.000
6,Los Angeles,2015,1,4,1.143
6,Los Angeles,2015,1,5,1.244
6,Los Angeles,2015,2,6,1.333
6,Los Angeles,2015,2,7,1.120
6,Los Angeles,2015,2,8,1.046
6,Los Angeles,2015,2,9,1.029
6,Los Angeles,2015,3,10,0.960
6,Los Angeles,2015,3,11,0.978
6,Los Angeles,2015,3,12,1.333
6,Los Angeles,2015,3,13,1.200
6,Los Angeles,2015,3,14,0.800
6,Los Angeles,2015,4,14,1.029
6,Los Angeles,2015,4,15,1.067
6,Los Angeles,2015,4,16,0.933
6,Los Angeles,2015,4,17,1.280
6,Los Angeles,2015,4,18,1.600
6,Los Angeles,2015,5,18,1.600
6,Los Angeles,2015,5,19,0.960
6,Los Angeles,2015,5,20,1.200
6,Los Angeles,2015,5,21,1.067
6,Los Angeles,2015,5,22,0.800
6,Los Angeles,2015,6,23,0.800
6,Los Angeles,2015,6,24,0.960
6,Los Angeles,2015,6,25,0.800
6,Los Angeles,2015,6,26,1.120
6,Los Angeles,2015,6,27,0.800
6,Los Angeles,2015,7,27,1.120
6,Los Angeles,2015,7,28,0.978
6,Los Angeles,2015,7,29,1.067
6,Los Angeles,2015,7,30,1.200
6,Los Angeles,2015,7,31,1.333
6,Los Angeles,2015,8,32,1.067
6,Los Angeles,2015,8,33,1.143
6,Los Angeles,2015,8,34,1.029
6,Los Angeles,2015,8,35,1.200
6,Los Angeles,2015,8,36,0.800
6,Los Angeles,2015,9,36,0.800
6,Los Angeles,2015,9,37,1.164
6,Los Angeles,2015,9,38,1.029
6,Los Angeles,2015,9,39,1.200
6,Los Angeles,2015,9,40,1.000
6,Los Angeles,2015,10,40,0.800
6,Los Angeles,2015,10,41,1.333
6,Los Angeles,2015,10,42,1.600
6,Los Angeles,2015,10,43,1.040
6,Los Angeles,2015,10,44,0.900
6,Los Angeles,2015,11,45,0.800
6,Los Angeles,2015,11,46,1.067
6,Los Angeles,2015,11,47,1.200
6,Los Angeles,2015,11,48,1.333
6,Los Angeles,2015,11,49,1.600
6,Los Angeles,2015,12,49,0.800
6,Los Angeles,2015,12,50,1.067
6,Los Angeles,2015,12,51,0.800
6,Los Angeles,2015,12,52,0.800
6,Los Angeles,2015,12,53,0.914
6,Los Angeles,2016,1,1,1.200
6,Los Angeles,2016,1,2,0.800
6,Los Angeles,2016,1,3,0.800
6,Los Angeles,2016,1,4,1.067
6,Los Angeles,2016,1,53,1.600
6,Los Angeles,2016,2,5,1.333
6,Los Angeles,2016,2,6,1.156
6,Los Angeles,2016,2,7,0.800
6,Los Angeles,2016,2,8,0.933
6,Los Angeles,2016,2,9,1.600
6,Los Angeles,2016,3,9,1.200
6,Los Angeles,2016,3,10,0.800
6,Los Angeles,2016,3,11,1.200
6,Los Angeles,2016,3,12,0.960
6,Los Angeles,2016,3,13,0.800
6,Los Angeles,2016,4,16,0.800
7,Seattle,2012,1,5,1.600
7,Seattle,2012,2,7,0.800
7,Seattle,2012,2,8,0.800
7,Seattle,2012,2,9,1.333
7,Seattle,2012,3,10,1.200
7,Seattle,2012,3,11,1.100
7,Seattle,2012,3,12,1.000
7,Seattle,2012,3,13,1.000
7,Seattle,2012,4,14,1.000
7,Seattle,2012,4,15,1.018
7,Seattle,2012,4,16,1.280
7,Seattle,2012,4,17,1.067
7,Seattle,2012,4,18,0.800
7,Seattle,2012,5,18,1.280
7,Seattle,2012,5,19,0.889
7,Seattle,2012,5,20,1.200
7,Seattle,2012,5,21,1.164
7,Seattle,2012,5,22,1.120
7,Seattle,2012,6,22,0.800
7,Seattle,2012,6,23,1.257
7,Seattle,2012,6,24,1.100
7,Seattle,2012,6,25,1.120
7,Seattle,2012,6,26,0.933
7,Seattle,2012,7,27,1.067
7,Seattle,2012,7,28,1.000
7,Seattle,2012,7,29,1.100
7,Seattle,2012,7,30,0.978
7,Seattle,2012,7,31,1.000
7,Seattle,2012,8,31,1.280
7,Seattle,2012,8,32,0.978
7,Seattle,2012,8,33,1.029
7,Seattle,2012,8,34,0.933
7,Seattle,2012,8,35,1.169
7,Seattle,2012,9,36,1.400
7,Seattle,2012,9,37,0.960
7,Seattle,2012,9,38,1.000
7,Seattle,2012,9,39,0.880
7,Seattle,2012,10,40,1.164
7,Seattle,2012,10,41,1.100
7,Seattle,2012,10,42,1.067
7,Seattle,2012,10,43,0.978
7,Seattle,2012,10,44,1.600
7,Seattle,2012,11,44,0.800
7,Seattle,2012,11,45,0.889
7,Seattle,2012,11,46,1.300
7,Seattle,2012,11,47,1.067
7,Seattle,2012,11,48,1.067
7,Seattle,2012,12,1,1.120
7,Seattle,2012,12,49,1.382
7,Seattle,2012,12,50,1.257
7,Seattle,2012,12,51,1.018
7,Seattle,2012,12,52,1.000
7,Seattle,2013,1,1,0.985
7,Seattle,2013,1,2,0.800
7,Seattle,2013,1,3,1.120
7,Seattle,2013,1,4,1.046
7,Seattle,2013,1,5,0.914
7,Seattle,2013,2,6,1.120
7,Seattle,2013,2,7,1.133
7,Seattle,2013,2,8,1.200
7,Seattle,2013,2,9,1.000
7,Seattle,2013,3,9,1.200
7,Seattle,2013,3,10,1.018
7,Seattle,2013,3,11,0.914
7,Seattle,2013,3,12,1.400
7,Seattle,2013,3,13,1.067
7,Seattle,2013,4,14,1.067
7,Seattle,2013,4,15,1.143
7,Seattle,2013,4,16,1.067
7,Seattle,2013,4,17,1.156
7,Seattle,2013,4,18,1.333
7,Seattle,2013,5,18,1.067
7,Seattle,2013,5,19,1.018
7,Seattle,2013,5,20,1.000
7,Seattle,2013,5,21,0.945
7,Seattle,2013,5,22,1.200
7,Seattle,2013,6,23,1.200
7,Seattle,2013,6,24,1.300
7,Seattle,2013,6,25,0.960
7,Seattle,2013,6,26,1.280
7,Seattle,2013,7,27,0.960
7,Seattle,2013,7,28,1.156
7,Seattle,2013,7,29,1.067
7,Seattle,2013,7,30,0.900
7,Seattle,2013,7,31,1.400
7,Seattle,2013,8,31,1.600
7,Seattle,2013,8,32,1.067
7,Seattle,2013,8,33,0.960
7,Seattle,2013,8,34,0.960
7,Seattle,2013,8,35,0.960
7,Seattle,2013,9,36,1.029
7,Seattle,2013,9,37,1.046
7,Seattle,2013,9,38,1.000
7,Seattle,2013,9,39,1.100
7,Seattle,2013,9,40,1.600
7,Seattle,2013,10,40,1.067
7,Seattle,2013,10,41,1.029
7,Seattle,2013,10,42,1.000
7,Seattle,2013,10,43,0.960
7,Seattle,2013,10,44,1.000
7,Seattle,2013,11,45,1.067
7,Seattle,2013,11,46,0.960
7,Seattle,2013,11,47,1.000
7,Seattle,2013,11,48,0.889
7,Seattle,2013,12,1,0.800
7,Seattle,2013,12,49,1.040
7,Seattle,2013,12,50,0.900
7,Seattle,2013,12,51,0.914
7,Seattle,2013,12,52,1.143
7,Seattle,2014,1,1,1.257
7,Seattle,2014,1,2,1.000
7,Seattle,2014,1,3,1.120
7,Seattle,2014,1,4,1.143
7,Seattle,2014,1,5,1.067
7,Seattle,2014,2,6,1.091
7,Seattle,2014,2,7,1.029
7,Seattle,2014,2,8,1.156
7,Seattle,2014,2,9,1.333
7,Seattle,2014,3,10,1.086
7,Seattle,2014,3,11,1.091
7,Seattle,2014,3,12,0.960
7,Seattle,2014,3,13,1.040
7,Seattle,2014,3,14,0.800
7,Seattle,2014,4,14,1.100
7,Seattle,2014,4,15,0.914
7,Seattle,2014,4,16,1.231
7,Seattle,2014,4,17,1.169
7,Seattle,2014,4,18,1.120
7,Seattle,2014,5,18,0.800
7,Seattle,2014,5,19,1.200
7,Seattle,2014,5,20,1.086
7,Seattle,2014,5,21,1.200
7,Seattle,2014,5,22,0.914
7,Seattle,2014,6,23,0.914
7,Seattle,2014,6,24,0.933
7,Seattle,2014,6,25,0.914
7,Seattle,2014,6,26,0.933
7,Seattle,2014,6,27,0.800
7,Seattle,2014,7,27,1.000
7,Seattle,2014,7,28,1.067
7,Seattle,2014,7,29,0.900
7,Seattle,2014,7,30,0.889
7,Seattle,2014,7,31,0.960
7,Seattle,2014,8,32,1.200
7,Seattle,2014,8,33,1.018
7,Seattle,2014,8,34,1.200
7,Seattle,2014,8,35,1.164
7,Seattle,2014,9,36,1.000
7,Seattle,2014,9,37,1.309
7,Seattle,2014,9,38,1.280
7,Seattle,2014,9,39,1.333
7,Seattle,2014,9,40,0.800
7,Seattle,2014,10,40,1.000
7,Seattle,2014,10,41,1.000
7,Seattle,2014,10,42,1.091
7,Seattle,2014,10,43,1.143
7,Seattle,2014,10,44,1.440
7,Seattle,2014,11,45,0.933
7,Seattle,2014,11,46,1.227
7,Seattle,2014,11,47,1.200
7,Seattle,2014,11,48,1.067
7,Seattle,2014,12,1,1.200
7,Seattle,2014,12,49,1.000
7,Seattle,2014,12,50,1.100
7,Seattle,2014,12,51,1.500
7,Seattle,2014,12,52,1.300
7,Seattle,2015,1,1,1.400
7,Seattle,2015,1,2,1.091
7,Seattle,2015,1,3,1.120
7,Seattle,2015,1,4,1.067
7,Seattle,2015,1,5,1.029
7,Seattle,2015,2,6,1.067
7,Seattle,2015,2,7,0.933
7,Seattle,2015,2,8,1.120
7,Seattle,2015,2,9,1.040
7,Seattle,2015,3,10,1.067
7,Seattle,2015,3,11,0.978
7,Seattle,2015,3,12,1.200
7,Seattle,2015,3,13,1.029
7,Seattle,2015,3,14,1.200
7,Seattle,2015,4,14,0.800
7,Seattle,2015,4,15,1.280
7,Seattle,2015,4,16,1.333
7,Seattle,2015,4,17,1.200
7,Seattle,2015,4,18,1.000
7,Seattle,2015,5,18,0.800
7,Seattle,2015,5,19,1.067
7,Seattle,2015,5,20,1.000
7,Seattle,2015,5,21,0.889
7,Seattle,2015,5,22,1.000
7,Seattle,2015,6,24,0.933
7,Seattle,2015,6,25,1.067
7,Seattle,2015,6,26,1.200
7,Seattle,2015,6,27,0.960
7,Seattle,2015,7,27,1.200
7,Seattle,2015,7,28,1.440
7,Seattle,2015,7,29,1.200
7,Seattle,2015,7,30,1.100
7,Seattle,2015,7,31,1.067
7,Seattle,2015,8,32,0.914
7,Seattle,2015,8,33,1.067
7,Seattle,2015,8,34,0.933
7,Seattle,2015,8,35,1.400
7,Seattle,2015,8,36,0.800
7,Seattle,2015,9,36,1.067
7,Seattle,2015,9,37,1.440
7,Seattle,2015,9,38,1.120
7,Seattle,2015,9,39,1.200
7,Seattle,2015,9,40,1.143
7,Seattle,2015,10,40,0.800
7,Seattle,2015,10,41,1.067
7,Seattle,2015,10,42,1.120
7,Seattle,2015,10,43,1.067
7,Seattle,2015,10,44,0.800
7,Seattle,2015,11,45,1.200
7,Seattle,2015,11,46,0.800
7,Seattle,2015,11,47,0.800
7,Seattle,2015,11,48,0.900
7,Seattle,2015,11,49,0.800
7,Seattle,2015,12,49,1.280
7,Seattle,2015,12,50,0.933
7,Seattle,2015,12,51,0.800
7,Seattle,2015,12,52,1.000
7,Seattle,2015,12,53,1.067
7,Seattle,2016,1,1,1.029
7,Seattle,2016,1,2,0.978
7,Seattle,2016,1,3,0.960
7,Seattle,2016,1,4,0.800
7,Seattle,2016,1,53,0.800
7,Seattle,2016,2,5,1.440
7,Seattle,2016,2,6,1.600
7,Seattle,2016,2,7,1.000
7,Seattle,2016,2,8,1.200
7,Seattle,2016,2,9,1.067
7,Seattle,2016,3,9,0.800
7,Seattle,2016,3,10,1.120
7,Seattle,2016,3,11,0.800
7,Seattle,2016,3,12,0.800
7,Seattle,2016,3,13,1.600
7,Seattle,2016,4,14,0.800
8,Toronto,2012,2,6,0.800
8,Toronto,2012,2,8,0.800
8,Toronto,2012,2,9,1.067
8,Toronto,2012,3,9,1.600
8,Toronto,2012,3,10,1.600
8,Toronto,2012,3,11,1.257
8,Toronto,2012,3,12,0.800
8,Toronto,2012,3,13,0.933
8,Toronto,2012,4,14,0.800
8,Toronto,2012,4,15,0.933
8,Toronto,2012,4,16,1.000
8,Toronto,2012,4,17,0.933
8,Toronto,2012,4,18,1.067
8,Toronto,2012,5,18,1.040
8,Toronto,2012,5,19,1.280
8,Toronto,2012,5,20,1.040
8,Toronto,2012,5,21,1.040
8,Toronto,2012,5,22,1.200
8,Toronto,2012,6,22,0.800
8,Toronto,2012,6,23,1.091
8,Toronto,2012,6,24,1.257
8,Toronto,2012,6,25,0.933
8,Toronto,2012,6,26,0.945
8,Toronto,2012,7,27,0.978
8,Toronto,2012,7,28,0.933
8,Toronto,2012,7,29,1.133
8,Toronto,2012,7,30,1.100
8,Toronto,2012,7,31,1.000
8,Toronto,2012,8,31,1.200
8,Toronto,2012,8,32,0.873
8,Toronto,2012,8,33,0.960
8,Toronto,2012,8,34,0.960
8,Toronto,2012,8,35,1.029
8,Toronto,2012,9,36,0.978
8,Toronto,2012,9,37,1.018
8,Toronto,2012,9,38,1.200
8,Toronto,2012,9,39,1.200
8,Toronto,2012,10,40,1.280
8,Toronto,2012,10,41,0.978
8,Toronto,2012,10,42,1.200
8,Toronto,2012,10,43,1.200
8,Toronto,2012,10,44,1.120
8,Toronto,2012,11,44,0.800
8,Toronto,2012,11,45,1.046
8,Toronto,2012,11,46,0.800
8,Toronto,2012,11,47,0.933
8,Toronto,2012,11,48,1.082
8,Toronto,2012,12,1,0.800
8,Toronto,2012,12,49,1.164
8,Toronto,2012,12,50,1.200
8,Toronto,2012,12,51,0.960
8,Toronto,2012,12,52,1.091
8,Toronto,2013,1,1,1.200
8,Toronto,2013,1,2,1.000
8,Toronto,2013,1,3,0.800
8,Toronto,2013,1,4,1.133
8,Toronto,2013,1,5,1.333
8,Toronto,2013,2,5,1.029
8,Toronto,2013,2,6,0.889
8,Toronto,2013,2,7,0.960
8,Toronto,2013,2,8,1.200
8,Toronto,2013,2,9,1.120
8,Toronto,2013,3,9,1.200
8,Toronto,2013,3,10,1.091
8,Toronto,2013,3,11,0.960
8,Toronto,2013,3,12,0.960
8,Toronto,2013,3,13,1.029
8,Toronto,2013,4,14,1.236
8,Toronto,2013,4,15,1.156
8,Toronto,2013,4,16,1.067
8,Toronto,2013,4,17,1.200
8,Toronto,2013,4,18,0.800
8,Toronto,2013,5,18,0.900
8,Toronto,2013,5,19,1.091
8,Toronto,2013,5,20,0.960
8,Toronto,2013,5,21,0.800
8,Toronto,2013,5,22,0.880
8,Toronto,2013,6,23,1.280
8,Toronto,2013,6,24,0.800
8,Toronto,2013,6,25,1.067
8,Toronto,2013,6,26,0.960
8,Toronto,2013,7,27,1.156
8,Toronto,2013,7,28,1.000
8,Toronto,2013,7,29,1.400
8,Toronto,2013,7,30,0.985
8,Toronto,2013,7,31,0.978
8,Toronto,2013,8,31,1.333
8,Toronto,2013,8,32,1.164
8,Toronto,2013,8,33,1.000
8,Toronto,2013,8,34,0.945
8,Toronto,2013,8,35,1.280
8,Toronto,2013,9,36,0.985
8,Toronto,2013,9,37,1.091
8,Toronto,2013,9,38,0.960
8,Toronto,2013,9,39,0.933
8,Toronto,2013,9,40,1.000
8,Toronto,2013,10,40,1.257
8,Toronto,2013,10,41,0.933
8,Toronto,2013,10,42,1.143
8,Toronto,2013,10,43,1.067
8,Toronto,2013,10,44,1.120
8,Toronto,2013,11,45,1.029
8,Toronto,2013,11,46,0.945
8,Toronto,2013,11,47,0.933
8,Toronto,2013,11,48,1.156
8,Toronto,2013,12,1,1.000
8,Toronto,2013,12,49,1.000
8,Toronto,2013,12,50,0.800
8,Toronto,2013,12,51,1.200
8,Toronto,2013,12,52,1.200
8,Toronto,2014,1,1,1.000
8,Toronto,2014,1,2,0.900
8,Toronto,2014,1,3,1.200
8,Toronto,2014,1,4,1.050
8,Toronto,2014,1,5,1.200
8,Toronto,2014,2,6,1.200
8,Toronto,2014,2,7,1.200
8,Toronto,2014,2,8,0.889
8,Toronto,2014,2,9,0.900
8,Toronto,2014,3,10,1.200
8,Toronto,2014,3,11,0.800
8,Toronto,2014,3,12,0.971
8,Toronto,2014,3,13,1.143
8,Toronto,2014,3,14,1.200
8,Toronto,2014,4,14,1.120
8,Toronto,2014,4,15,1.040
8,Toronto,2014,4,16,1.000
8,Toronto,2014,4,17,0.985
8,Toronto,2014,4,18,1.040
8,Toronto,2014,5,18,1.067
8,Toronto,2014,5,19,1.133
8,Toronto,2014,5,20,0.971
8,Toronto,2014,5,21,1.143
8,Toronto,2014,5,22,0.945
8,Toronto,2014,6,23,1.200
8,Toronto,2014,6,24,0.933
8,Toronto,2014,6,25,0.945
8,Toronto,2014,6,26,1.200
8,Toronto,2014,7,27,0.933
8,Toronto,2014,7,28,0.889
8,Toronto,2014,7,29,0.889
8,Toronto,2014,7,30,1.143
8,Toronto,2014,7,31,1.400
8,Toronto,2014,8,31,0.800
8,Toronto,2014,8,32,0.800
8,Toronto,2014,8,33,1.156
8,Toronto,2014,8,34,1.067
8,Toronto,2014,8,35,1.100
8,Toronto,2014,9,36,1.143
8,Toronto,2014,9,37,1.200
8,Toronto,2014,9,38,1.029
8,Toronto,2014,9,39,1.156
8,Toronto,2014,9,40,1.120
8,Toronto,2014,10,40,1.029
8,Toronto,2014,10,41,1.120
8,Toronto,2014,10,42,0.978
8,Toronto,2014,10,43,1.120
8,Toronto,2014,10,44,1.000
8,Toronto,2014,11,45,0.945
8,Toronto,2014,11,46,1.200
8,Toronto,2014,11,47,1.200
8,Toronto,2014,11,48,0.873
8,Toronto,2014,12,1,0.800
8,Toronto,2014,12,49,0.800
8,Toronto,2014,12,50,0.914
8,Toronto,2014,12,51,0.978
8,Toronto,2014,12,52,0.926
8,Toronto,2015,1,1,1.200
8,Toronto,2015,1,2,1.200
8,Toronto,2015,1,3,0.985
8,Toronto,2015,1,4,1.029
8,Toronto,2015,1,5,1.200
8,Toronto,2015,2,6,1.200
8,Toronto,2015,2,7,1.164
8,Toronto,2015,2,8,1.200
8,Toronto,2015,2,9,0.900
8,Toronto,2015,3,10,1.029
8,Toronto,2015,3,11,0.889
8,Toronto,2015,3,12,0.914
8,Toronto,2015,3,13,1.164
8,Toronto,2015,3,14,0.960
8,Toronto,2015,4,14,1.000
8,Toronto,2015,4,15,0.933
8,Toronto,2015,4,16,1.257
8,Toronto,2015,4,17,1.067
8,Toronto,2015,4,18,0.800
8,Toronto,2015,5,18,1.200
8,Toronto,2015,5,19,1.244
8,Toronto,2015,5,20,0.800
8,Toronto,2015,5,21,1.100
8,Toronto,2015,5,22,1.120
8,Toronto,2015,6,23,0.960
8,Toronto,2015,6,24,1.143
8,Toronto,2015,6,25,1.156
8,Toronto,2015,6,26,1.000
8,Toronto,2015,6,27,0.933
8,Toronto,2015,7,27,1.067
8,Toronto,2015,7,28,1.333
8,Toronto,2015,7,29,1.120
8,Toronto,2015,7,30,1.067
8,Toronto,2015,7,31,1.164
8,Toronto,2015,8,32,1.156
8,Toronto,2015,8,33,1.000
8,Toronto,2015,8,34,0.800
8,Toronto,2015,8,35,1.067
8,Toronto,2015,8,36,0.800
8,Toronto,2015,9,36,0.914
8,Toronto,2015,9,37,0.800
8,Toronto,2015,9,38,1.067
8,Toronto,2015,9,39,1.000
8,Toronto,2015,9,40,1.000
8,Toronto,2015,10,40,0.800
8,Toronto,2015,10,41,0.800
8,Toronto,2015,10,42,0.800
8,Toronto,2015,10,43,1.120
8,Toronto,2015,10,44,1.067
8,Toronto,2015,11,45,0.900
8,Toronto,2015,11,46,0.800
8,Toronto,2015,11,47,0.800
8,Toronto,2015,11,48,1.000
8,Toronto,2015,11,49,1.600
8,Toronto,2015,12,49,1.120
8,Toronto,2015,12,50,1.600
8,Toronto,2015,12,51,0.800
8,Toronto,2015,12,52,1.067
8,Toronto,2015,12,53,0.800
8,Toronto,2016,1,1,1.067
8,Toronto,2016,1,2,0.800
8,Toronto,2016,1,3,1.000
8,Toronto,2016,1,4,1.200
8,Toronto,2016,1,53,1.600
8,Toronto,2016,2,5,1.029
8,Toronto,2016,2,6,1.067
8,Toronto,2016,2,7,1.067
8,Toronto,2016,2,8,1.200
8,Toronto,2016,2,9,0.800
8,Toronto,2016,3,9,1.000
8,Toronto,2016,3,10,1.400
8,Toronto,2016,3,11,0.800
8,Toronto,2016,3,12,0.800
8,Toronto,2016,4,14,1.333
9,Montreal,2012,2,7,1.600
9,Montreal,2012,2,8,1.200
9,Montreal,2012,2,9,1.000
9,Montreal,2012,3,9,0.800
9,Montreal,2012,3,10,1.000
9,Montreal,2012,3,11,0.800
9,Montreal,2012,3,12,1.200
9,Montreal,2012,3,13,1.100
9,Montreal,2012,4,14,1.156
9,Montreal,2012,4,15,1.120
9,Montreal,2012,4,16,1.100
9,Montreal,2012,4,17,0.960
9,Montreal,2012,4,18,1.067
9,Montreal,2012,5,18,1.029
9,Montreal,2012,5,19,0.889
9,Montreal,2012,5,20,0.800
9,Montreal,2012,5,21,1.018
9,Montreal,2012,5,22,1.046
9,Montreal,2012,6,22,0.800
9,Montreal,2012,6,23,1.067
9,Montreal,2012,6,24,1.091
9,Montreal,2012,6,25,1.143
9,Montreal,2012,6,26,1.467
9,Montreal,2012,7,27,0.960
9,Montreal,2012,7,28,1.164
9,Montreal,2012,7,29,1.040
9,Montreal,2012,7,30,0.933
9,Montreal,2012,7,31,1.200
9,Montreal,2012,8,31,1.067
9,Montreal,2012,8,32,0.800
9,Montreal,2012,8,33,1.029
9,Montreal,2012,8,34,1.000
9,Montreal,2012,8,35,1.067
9,Montreal,2012,9,36,0.889
9,Montreal,2012,9,37,1.018
9,Montreal,2012,9,38,1.067
9,Montreal,2012,9,39,1.200
9,Montreal,2012,10,40,0.914
9,Montreal,2012,10,41,1.100
9,Montreal,2012,10,42,0.933
9,Montreal,2012,10,43,1.100
9,Montreal,2012,10,44,1.200
9,Montreal,2012,11,44,1.143
9,Montreal,2012,11,45,1.029
9,Montreal,2012,11,46,1.000
9,Montreal,2012,11,47,0.985
9,Montreal,2012,11,48,0.880
9,Montreal,2012,12,1,1.600
9,Montreal,2012,12,49,1.200
9,Montreal,2012,12,50,1.200
9,Montreal,2012,12,51,1.257
9,Montreal,2012,12,52,0.960
9,Montreal,2013,1,1,0.900
9,Montreal,2013,1,2,1.200
9,Montreal,2013,1,3,1.018
9,Montreal,2013,1,4,0.800
9,Montreal,2013,1,5,1.100
9,Montreal,2013,2,5,0.800
9,Montreal,2013,2,6,1.300
9,Montreal,2013,2,7,1.333
9,Montreal,2013,2,8,1.091
9,Montreal,2013,2,9,1.067
9,Montreal,2013,3,9,0.800
9,Montreal,2013,3,10,0.960
9,Montreal,2013,3,11,1.231
9,Montreal,2013,3,12,0.978
9,Montreal,2013,3,13,0.800
9,Montreal,2013,4,14,1.091
9,Montreal,2013,4,15,0.873
9,Montreal,2013,4,16,0.985
9,Montreal,2013,4,17,1.000
9,Montreal,2013,4,18,1.200
9,Montreal,2013,5,18,1.120
9,Montreal,2013,5,19,1.091
9,Montreal,2013,5,20,1.091
9,Montreal,2013,5,21,0.867
9,Montreal,2013,5,22,1.100
9,Montreal,2013,6,23,1.280
9,Montreal,2013,6,24,1.067
9,Montreal,2013,6,25,0.960
9,Montreal,2013,6,26,0.800
9,Montreal,2013,7,27,0.978
9,Montreal,2013,7,28,0.933
9,Montreal,2013,7,29,1.013
9,Montreal,2013,7,30,1.100
9,Montreal,2013,7,31,0.800
9,Montreal,2013,8,31,0.933
9,Montreal,2013,8,32,0.960
9,Montreal,2013,8,33,1.040
9,Montreal,2013,8,34,1.067
9,Montreal,2013,8,35,1.371
9,Montreal,2013,9,36,1.029
9,Montreal,2013,9,37,0.800
9,Montreal,2013,9,38,0.960
9,Montreal,2013,9,39,0.800
9,Montreal,2013,10,40,1.067
9,Montreal,2013,10,41,1.029
9,Montreal,2013,10,42,1.029
9,Montreal,2013,10,43,1.300
9,Montreal,2013,10,44,1.100
9,Montreal,2013,11,45,1.029
9,Montreal,2013,11,46,1.400
9,Montreal,2013,11,47,0.933
9,Montreal,2013,11,48,0.960
9,Montreal,2013,12,1,1.120
9,Montreal,2013,12,49,0.914
9,Montreal,2013,12,50,1.200
9,Montreal,2013,12,51,1.169
9,Montreal,2013,12,52,1.133
9,Montreal,2014,1,1,1.029
9,Montreal,2014,1,2,0.800
9,Montreal,2014,1,3,0.800
9,Montreal,2014,1,4,1.143
9,Montreal,2014,1,5,1.200
9,Montreal,2014,2,6,1.143
9,Montreal,2014,2,7,1.354
9,Montreal,2014,2,8,1.018
9,Montreal,2014,2,9,1.067
9,Montreal,2014,3,10,1.422
9,Montreal,2014,3,11,1.040
9,Montreal,2014,3,12,1.164
9,Montreal,2014,3,13,1.143
9,Montreal,2014,3,14,1.600
9,Montreal,2014,4,14,1.067
9,Montreal,2014,4,15,1.067
9,Montreal,2014,4,16,1.164
9,Montreal,2014,4,17,1.067
9,Montreal,2014,4,18,1.333
9,Montreal,2014,5,18,0.800
9,Montreal,2014,5,19,1.040
9,Montreal,2014,5,20,1.029
9,Montreal,2014,5,21,1.143
9,Montreal,2014,5,22,1.156
9,Montreal,2014,6,23,0.800
9,Montreal,2014,6,24,0.960
9,Montreal,2014,6,25,1.120
9,Montreal,2014,6,26,0.914
9,Montreal,2014,7,27,0.800
9,Montreal,2014,7,28,1.108
9,Montreal,2014,7,29,1.164
9,Montreal,2014,7,30,1.200
9,Montreal,2014,7,31,1.257
9,Montreal,2014,8,32,1.120
9,Montreal,2014,8,33,1.300
9,Montreal,2014,8,34,1.000
9,Montreal,2014,8,35,1.046
9,Montreal,2014,9,36,1.143
9,Montreal,2014,9,37,1.100
9,Montreal,2014,9,38,0.933
9,Montreal,2014,9,39,1.164
9,Montreal,2014,9,40,0.800
9,Montreal,2014,10,40,1.200
9,Montreal,2014,10,41,1.029
9,Montreal,2014,10,42,1.040
9,Montreal,2014,10,43,0.914
9,Montreal,2014,10,44,0.800
9,Montreal,2014,11,45,1.257
9,Montreal,2014,11,46,1.067
9,Montreal,2014,11,47,1.067
9,Montreal,2014,11,48,1.067
9,Montreal,2014,12,1,1.067
9,Montreal,2014,12,49,1.029
9,Montreal,2014,12,50,1.018
9,Montreal,2014,12,51,1.280
9,Montreal,2014,12,52,0.960
9,Montreal,2015,1,1,1.200
9,Montreal,2015,1,2,1.067
9,Montreal,2015,1,3,1.280
9,Montreal,2015,1,4,0.889
9,Montreal,2015,1,5,1.067
9,Montreal,2015,2,6,0.971
9,Montreal,2015,2,7,1.029
9,Montreal,2015,2,8,1.029
9,Montreal,2015,2,9,0.800
9,Montreal,2015,3,10,1.156
9,Montreal,2015,3,11,1.000
9,Montreal,2015,3,12,1.067
9,Montreal,2015,3,13,1.000
9,Montreal,2015,3,14,1.067
9,Montreal,2015,4,14,1.600
9,Montreal,2015,4,15,0.800
9,Montreal,2015,4,16,1.200
9,Montreal,2015,4,17,0.800
9,Montreal,2015,4,18,1.000
9,Montreal,2015,5,18,1.333
9,Montreal,2015,5,19,1.029
9,Montreal,2015,5,21,1.200
9,Montreal,2015,5,22,1.000
9,Montreal,2015,6,23,1.067
9,Montreal,2015,6,24,1.067
9,Montreal,2015,6,25,0.960
9,Montreal,2015,6,26,1.200
9,Montreal,2015,6,27,1.067
9,Montreal,2015,7,27,1.200
9,Montreal,2015,7,28,0.800
9,Montreal,2015,7,29,1.000
9,Montreal,2015,7,30,0.800
9,Montreal,2015,7,31,1.120
9,Montreal,2015,8,32,1.100
9,Montreal,2015,8,33,1.120
9,Montreal,2015,8,34,1.164
9,Montreal,2015,8,35,1.600
9,Montreal,2015,8,36,1.067
9,Montreal,2015,9,36,1.257
9,Montreal,2015,9,37,1.100
9,Montreal,2015,9,38,0.933
9,Montreal,2015,9,39,0.800
9,Montreal,2015,9,40,1.067
9,Montreal,2015,10,40,0.960
9,Montreal,2015,10,41,1.200
9,Montreal,2015,10,42,0.933
9,Montreal,2015,10,43,1.100
9,Montreal,2015,11,45,1.200
9,Montreal,2015,11,46,1.156
9,Montreal,2015,11,47,1.067
9,Montreal,2015,11,48,1.067
9,Montreal,2015,11,49,0.800
9,Montreal,2015,12,49,1.000
9,Montreal,2015,12,50,1.000
9,Montreal,2015,12,51,1.067
9,Montreal,2015,12,52,1.100
9,Montreal,2015,12,53,1.000
9,Montreal,2016,1,1,1.029
9,Montreal,2016,1,2,0.960
9,Montreal,2016,1,3,0.800
9,Montreal,2016,1,4,0.960
9,Montreal,2016,1,53,1.333
9,Montreal,2016,2,5,1.100
9,Montreal,2016,2,6,0.800
9,Montreal,2016,2,7,1.029
9,Montreal,2016,2,8,1.280
9,Montreal,2016,2,9,0.800
9,Montreal,2016,3,9,1.067
9,Montreal,2016,3,10,1.200
9,Montreal,2016,3,11,1.600
9,Montreal,2016,3,12,1.257
9,Montreal,2016,4,14,0.800
10,Vancouver,2012,2,8,1.120
10,Vancouver,2012,2,9,1.600
10,Vancouver,2012,3,9,0.800
10,Vancouver,2012,3,10,1.200
10,Vancouver,2012,3,11,1.120
10,Vancouver,2012,3,12,0.960
10,Vancouver,2012,3,13,0.800
10,Vancouver,2012,4,14,1.333
10,Vancouver,2012,4,15,0.900
10,Vancouver,2012,4,16,1.133
10,Vancouver,2012,4,17,0.914
10,Vancouver,2012,4,18,0.800
10,Vancouver,2012,5,18,1.486
10,Vancouver,2012,5,19,1.022
10,Vancouver,2012,5,20,1.067
10,Vancouver,2012,5,21,1.200
10,Vancouver,2012,5,22,1.257
10,Vancouver,2012,6,22,1.200
10,Vancouver,2012,6,23,1.280
10,Vancouver,2012,6,24,1.108
10,Vancouver,2012,6,25,0.900
10,Vancouver,2012,6,26,0.914
10,Vancouver,2012,7,27,1.120
10,Vancouver,2012,7,28,1.371
10,Vancouver,2012,7,29,1.200
10,Vancouver,2012,7,30,1.156
10,Vancouver,2012,7,31,0.800
10,Vancouver,2012,8,31,1.257
10,Vancouver,2012,8,32,0.978
10,Vancouver,2012,8,33,0.914
10,Vancouver,2012,8,34,0.945
10,Vancouver,2012,8,35,1.086
10,Vancouver,2012,9,36,1.000
10,Vancouver,2012,9,37,1.156
10,Vancouver,2012,9,38,1.086
10,Vancouver,2012,9,39,1.133
10,Vancouver,2012,10,40,1.018
10,Vancouver,2012,10,41,0.985
10,Vancouver,2012,10,42,1.000
10,Vancouver,2012,10,43,1.067
10,Vancouver,2012,10,44,1.000
10,Vancouver,2012,11,44,1.300
10,Vancouver,2012,11,45,1.067
10,Vancouver,2012,11,46,1.129
10,Vancouver,2012,11,47,1.100
10,Vancouver,2012,11,48,1.200
10,Vancouver,2012,12,1,1.600
10,Vancouver,2012,12,49,1.200
10,Vancouver,2012,12,50,0.800
10,Vancouver,2012,12,51,0.873
10,Vancouver,2012,12,52,1.040
10,Vancouver,2013,1,1,0.933
10,Vancouver,2013,1,2,1.000
10,Vancouver,2013,1,3,0.933
10,Vancouver,2013,1,4,1.120
10,Vancouver,2013,1,5,0.933
10,Vancouver,2013,2,6,1.164
10,Vancouver,2013,2,7,1.236
10,Vancouver,2013,2,8,1.120
10,Vancouver,2013,2,9,1.200
10,Vancouver,2013,3,9,0.800
10,Vancouver,2013,3,10,1.013
10,Vancouver,2013,3,11,1.029
10,Vancouver,2013,3,12,0.800
10,Vancouver,2013,3,13,0.914
10,Vancouver,2013,4,14,0.945
10,Vancouver,2013,4,15,1.156
10,Vancouver,2013,4,16,1.143
10,Vancouver,2013,4,17,0.960
10,Vancouver,2013,4,18,0.800
10,Vancouver,2013,5,18,1.440
10,Vancouver,2013,5,19,1.067
10,Vancouver,2013,5,20,1.018
10,Vancouver,2013,5,21,0.914
10,Vancouver,2013,5,22,1.067
10,Vancouver,2013,6,23,1.280
10,Vancouver,2013,6,24,1.067
10,Vancouver,2013,6,25,0.945
10,Vancouver,2013,6,26,1.067
10,Vancouver,2013,7,27,0.914
10,Vancouver,2013,7,28,1.400
10,Vancouver,2013,7,29,1.018
10,Vancouver,2013,7,30,1.440
10,Vancouver,2013,8,31,1.333
10,Vancouver,2013,8,32,1.120
10,Vancouver,2013,8,33,1.100
10,Vancouver,2013,8,34,1.018
10,Vancouver,2013,8,35,0.800
10,Vancouver,2013,9,36,1.067
10,Vancouver,2013,9,37,1.156
10,Vancouver,2013,9,38,1.000
10,Vancouver,2013,9,39,0.978
10,Vancouver,2013,10,40,1.067
10,Vancouver,2013,10,41,1.000
10,Vancouver,2013,10,42,1.120
10,Vancouver,2013,10,43,1.280
10,Vancouver,2013,10,44,0.960
10,Vancouver,2013,11,44,0.800
10,Vancouver,2013,11,45,1.018
10,Vancouver,2013,11,46,1.067
10,Vancouver,2013,11,47,1.333
10,Vancouver,2013,11,48,1.067
10,Vancouver,2013,12,1,1.200
10,Vancouver,2013,12,49,1.143
10,Vancouver,2013,12,50,1.067
10,Vancouver,2013,12,51,1.280
10,Vancouver,2013,12,52,1.120
10,Vancouver,2014,1,1,1.200
10,Vancouver,2014,1,2,1.091
10,Vancouver,2014,1,3,1.120
10,Vancouver,2014,1,4,1.143
10,Vancouver,2014,1,5,0.914
10,Vancouver,2014,2,6,1.067
10,Vancouver,2014,2,7,1.200
10,Vancouver,2014,2,8,1.156
10,Vancouver,2014,2,9,1.169
10,Vancouver,2014,3,10,1.200
10,Vancouver,2014,3,11,0.914
10,Vancouver,2014,3,12,0.900
10,Vancouver,2014,3,13,1.029
10,Vancouver,2014,4,14,1.120
10,Vancouver,2014,4,15,0.945
10,Vancouver,2014,4,16,1.035
10,Vancouver,2014,4,17,1.143
10,Vancouver,2014,4,18,1.600
10,Vancouver,2014,5,18,0.800
10,Vancouver,2014,5,19,0.907
10,Vancouver,2014,5,20,1.100
10,Vancouver,2014,5,21,1.120
10,Vancouver,2014,5,22,0.960
10,Vancouver,2014,6,23,1.100
10,Vancouver,2014,6,24,1.164
10,Vancouver,2014,6,25,1.200
10,Vancouver,2014,6,26,1.200
10,Vancouver,2014,7,27,1.029
10,Vancouver,2014,7,28,1.000
10,Vancouver,2014,7,29,1.333
10,Vancouver,2014,7,30,1.257
10,Vancouver,2014,7,31,1.067
10,Vancouver,2014,8,31,1.000
10,Vancouver,2014,8,32,1.046
10,Vancouver,2014,8,33,1.236
10,Vancouver,2014,8,34,1.200
10,Vancouver,2014,8,35,1.067
10,Vancouver,2014,9,36,1.000
10,Vancouver,2014,9,37,1.164
10,Vancouver,2014,9,38,1.067
10,Vancouver,2014,9,39,1.067
10,Vancouver,2014,9,40,1.067
10,Vancouver,2014,10,40,0.900
10,Vancouver,2014,10,41,1.000
10,Vancouver,2014,10,42,1.040
10,Vancouver,2014,10,43,1.100
10,Vancouver,2014,10,44,1.156
10,Vancouver,2014,11,45,0.933
10,Vancouver,2014,11,46,1.280
10,Vancouver,2014,11,47,0.889
10,Vancouver,2014,11,48,1.333
10,Vancouver,2014,12,1,0.800
10,Vancouver,2014,12,49,1.244
10,Vancouver,2014,12,50,1.257
10,Vancouver,2014,12,51,1.200
10,Vancouver,2014,12,52,0.960
10,Vancouver,2015,1,1,1.200
10,Vancouver,2015,1,2,0.867
10,Vancouver,2015,1,3,0.978
10,Vancouver,2015,1,4,0.933
10,Vancouver,2015,1,5,1.200
10,Vancouver,2015,2,6,1.040
10,Vancouver,2015,2,7,1.067
10,Vancouver,2015,2,8,1.200
10,Vancouver,2015,2,9,1.029
10,Vancouver,2015,3,10,1.200
10,Vancouver,2015,3,11,1.200
10,Vancouver,2015,3,12,1.143
10,Vancouver,2015,3,13,1.120
10,Vancouver,2015,3,14,1.200
10,Vancouver,2015,4,14,0.800
10,Vancouver,2015,4,15,1.067
10,Vancouver,2015,4,16,0.960
10,Vancouver,2015,4,17,0.960
10,Vancouver,2015,4,18,0.960
10,Vancouver,2015,5,18,0.800
10,Vancouver,2015,5,19,1.120
10,Vancouver,2015,5,20,0.960
10,Vancouver,2015,5,21,0.800
10,Vancouver,2015,5,22,1.400
10,Vancouver,2015,6,23,1.029
10,Vancouver,2015,6,24,1.100
10,Vancouver,2015,6,25,1.067
10,Vancouver,2015,6,26,0.800
10,Vancouver,2015,6,27,0.800
10,Vancouver,2015,7,27,1.333
10,Vancouver,2015,7,28,1.067
10,Vancouver,2015,7,29,0.960
10,Vancouver,2015,7,30,0.800
10,Vancouver,2015,7,31,1.120
10,Vancouver,2015,8,32,0.914
10,Vancouver,2015,8,33,1.200
10,Vancouver,2015,8,34,1.000
10,Vancouver,2015,8,35,1.067
10,Vancouver,2015,8,36,0.800
10,Vancouver,2015,9,36,1.200
10,Vancouver,2015,9,37,1.333
10,Vancouver,2015,9,38,1.280
10,Vancouver,2015,9,39,0.800
10,Vancouver,2015,9,40,1.000
10,Vancouver,2015,10,40,1.600
10,Vancouver,2015,10,41,0.800
10,Vancouver,2015,10,42,1.000
10,Vancouver,2015,10,43,1.200
10,Vancouver,2015,10,44,1.000
10,Vancouver,2015,11,45,1.000
10,Vancouver,2015,11,46,1.100
10,Vancouver,2015,11,47,1.156
10,Vancouver,2015,11,48,1.257
10,Vancouver,2015,12,49,1.600
10,Vancouver,2015,12,50,1.120
10,Vancouver,2015,12,51,1.257
10,Vancouver,2015,12,52,0.889
10,Vancouver,2015,12,53,0.800
10,Vancouver,2016,1,1,1.067
10,Vancouver,2016,1,2,1.133
10,Vancouver,2016,1,3,0.800
10,Vancouver,2016,1,4,0.933
10,Vancouver,2016,2,5,1.333
10,Vancouver,2016,2,6,1.029
10,Vancouver,2016,2,7,1.120
10,Vancouver,2016,2,8,0.800
10,Vancouver,2016,3,9,1.000
10,Vancouver,2016,3,10,1.200
10,Vancouver,2016,3,11,0.800
10,Vancouver,2016,3,12,0.800
10,Vancouver,2016,3,13,0.800
10,Vancouver,2016,4,14,0.800
10,Vancouver,2016,4,15,0.800
11,London,2012,2,6,1.600
11,London,2012,2,7,1.067
11,London,2012,2,8,1.200
11,London,2012,2,9,0.933
11,London,2012,3,9,0.800
11,London,2012,3,11,1.600
11,London,2012,3,12,1.067
11,London,2012,3,13,1.143
11,London,2012,4,14,0.985
11,London,2012,4,15,1.200
11,London,2012,4,16,1.091
11,London,2012,4,17,1.143
11,London,2012,4,18,0.800
11,London,2012,5,18,1.280
11,London,2012,5,19,1.200
11,London,2012,5,20,0.933
11,London,2012,5,21,0.880
11,London,2012,5,22,1.040
11,London,2012,6,22,0.800
11,London,2012,6,23,0.978
11,London,2012,6,24,1.067
11,London,2012,6,25,1.231
11,London,2012,6,26,0.800
11,London,2012,7,27,1.360
11,London,2012,7,28,1.156
11,London,2012,7,29,1.018
11,London,2012,7,30,1.200
11,London,2012,7,31,0.800
11,London,2012,8,31,0.978
11,London,2012,8,32,1.156
11,London,2012,8,33,1.200
11,London,2012,8,34,1.067
11,London,2012,8,35,0.978
11,London,2012,9,36,1.067
11,London,2012,9,37,1.029
11,London,2012,9,38,0.933
11,London,2012,9,39,1.169
11,London,2012,10,40,1.257
11,London,2012,10,41,1.200
11,London,2012,10,42,1.400
11,London,2012,10,43,0.933
11,London,2012,10,44,0.933
11,London,2012,11,44,1.067
11,London,2012,11,45,1.067
11,London,2012,11,46,1.164
11,London,2012,11,47,1.120
11,London,2012,11,48,1.000
11,London,2012,12,1,1.333
11,London,2012,12,49,0.933
11,London,2012,12,50,0.800
11,London,2012,12,51,1.371
11,London,2012,12,52,0.960
11,London,2013,1,1,0.800
11,London,2013,1,2,1.200
11,London,2013,1,3,1.156
11,London,2013,1,4,0.960
11,London,2013,1,5,1.067
11,London,2013,2,5,0.800
11,London,2013,2,6,0.960
11,London,2013,2,7,1.600
11,London,2013,2,8,1.200
11,London,2013,2,9,1.143
11,London,2013,3,9,0.800
11,London,2013,3,10,0.985
11,London,2013,3,11,0.960
11,London,2013,3,12,1.000
11,London,2013,3,13,1.000
11,London,2013,4,14,1.000
11,London,2013,4,15,1.143
11,London,2013,4,16,1.067
11,London,2013,4,17,1.200
11,London,2013,4,18,0.800
11,London,2013,5,18,1.120
11,London,2013,5,19,1.200
11,London,2013,5,20,1.200
11,London,2013,5,21,0.945
11,London,2013,5,22,1.000
11,London,2013,6,23,1.360
11,London,2013,6,24,1.067
11,London,2013,6,25,1.100
11,London,2013,6,26,0.933
11,London,2013,7,27,0.800
11,London,2013,7,28,1.000
11,London,2013,7,29,1.200
11,London,2013,7,30,1.133
11,London,2013,7,31,1.067
11,London,2013,8,31,0.800
11,London,2013,8,32,1.200
11,London,2013,8,33,0.933
11,London,2013,8,34,0.978
11,London,2013,8,35,0.914
11,London,2013,9,36,1.029
11,London,2013,9,37,0.985
11,London,2013,9,38,1.280
11,London,2013,9,39,1.257
11,London,2013,9,40,1.467
11,London,2013,10,40,1.091
11,London,2013,10,41,1.133
11,London,2013,10,42,1.200
11,London,2013,10,43,1.244
11,London,2013,10,44,1.143
11,London,2013,11,45,1.000
11,London,2013,11,46,1.200
11,London,2013,11,47,1.067
11,London,2013,11,48,1.000
11,London,2013,12,1,0.800
11,London,2013,12,49,0.933
11,London,2013,12,50,1.200
11,London,2013,12,51,1.280
11,London,2013,12,52,0.978
11,London,2014,1,1,1.200
11,London,2014,1,2,1.000
11,London,2014,1,3,1.029
11,London,2014,1,4,1.200
11,London,2014,1,5,1.067
11,London,2014,2,6,0.800
11,London,2014,2,7,1.440
11,London,2014,2,8,1.100
11,London,2014,2,9,1.200
11,London,2014,3,10,0.960
11,London,2014,3,11,1.018
11,London,2014,3,12,1.018
11,London,2014,3,13,1.200
11,London,2014,3,14,0.800
11,London,2014,4,14,0.889
11,London,2014,4,15,1.455
11,London,2014,4,16,1.000
11,London,2014,4,17,1.120
11,London,2014,4,18,1.143
11,London,2014,5,18,0.960
11,London,2014,5,19,1.000
11,London,2014,5,20,0.933
11,London,2014,5,21,1.000
11,London,2014,5,22,0.960
11,London,2014,6,23,1.040
11,London,2014,6,24,1.486
11,London,2014,6,25,0.960
11,London,2014,6,26,1.169
11,London,2014,6,27,1.200
11,London,2014,7,27,1.200
11,London,2014,7,28,0.900
11,London,2014,7,29,1.120
11,London,2014,7,30,1.067
11,London,2014,7,31,0.933
11,London,2014,8,32,0.960
11,London,2014,8,33,1.067
11,London,2014,8,34,1.029
11,London,2014,8,35,1.200
11,London,2014,9,36,1.200
11,London,2014,9,37,1.120
11,London,2014,9,38,1.400
11,London,2014,9,39,1.143
11,London,2014,9,40,0.933
11,London,2014,10,40,1.143
11,London,2014,10,41,0.900
11,London,2014,10,42,1.200
11,London,2014,10,43,1.067
11,London,2014,10,44,1.067
11,London,2014,11,45,0.978
11,London,2014,11,46,1.200
11,London,2014,11,47,1.040
11,London,2014,11,48,1.067
11,London,2014,12,1,1.100
11,London,2014,12,49,0.960
11,London,2014,12,50,1.100
11,London,2014,12,51,1.000
11,London,2014,12,52,1.371
11,London,2015,1,1,1.029
11,London,2015,1,2,1.200
11,London,2015,1,3,0.978
11,London,2015,1,4,1.067
11,London,2015,1,5,0.985
11,London,2015,2,6,1.169
11,London,2015,2,7,1.257
11,London,2015,2,8,1.267
11,London,2015,2,9,1.280
11,London,2015,3,10,1.000
11,London,2015,3,11,1.280
11,London,2015,3,12,0.960
11,London,2015,3,13,1.120
11,London,2015,3,14,1.200
11,London,2015,4,14,0.800
11,London,2015,4,15,1.120
11,London,2015,4,16,1.280
11,London,2015,4,17,1.067
11,London,2015,4,18,0.960
11,London,2015,5,18,1.200
11,London,2015,5,19,1.280
11,London,2015,5,20,1.067
11,London,2015,5,21,1.120
11,London,2015,5,22,1.200
11,London,2015,6,23,1.400
11,London,2015,6,24,1.120
11,London,2015,6,25,1.200
11,London,2015,6,26,1.280
11,London,2015,6,27,0.800
11,London,2015,7,27,0.800
11,London,2015,7,28,1.200
11,London,2015,7,29,1.257
11,London,2015,7,30,0.800
11,London,2015,7,31,1.029
11,London,2015,8,32,1.333
11,London,2015,8,33,1.067
11,London,2015,8,34,1.200
11,London,2015,8,35,0.889
11,London,2015,8,36,1.200
11,London,2015,9,36,1.029
11,London,2015,9,37,1.029
11,London,2015,9,38,1.067
11,London,2015,9,39,1.120
11,London,2015,9,40,0.800
11,London,2015,10,40,0.800
11,London,2015,10,41,1.200
11,London,2015,10,42,1.300
11,London,2015,10,43,1.029
11,London,2015,10,44,0.800
11,London,2015,11,45,1.067
11,London,2015,11,46,0.800
11,London,2015,11,47,0.800
11,London,2015,11,48,1.280
11,London,2015,11,49,1.600
11,London,2015,12,49,0.800
11,London,2015,12,50,0.800
11,London,2015,12,51,1.300
11,London,2015,12,52,1.156
11,London,2015,12,53,0.800
11,London,2016,1,1,1.067
11,London,2016,1,2,1.120
11,London,2016,1,3,0.800
11,London,2016,1,4,0.800
11,London,2016,1,53,1.600
11,London,2016,2,5,0.960
11,London,2016,2,6,1.333
11,London,2016,2,7,1.333
11,London,2016,2,8,1.200
11,London,2016,2,9,0.800
11,London,2016,3,9,1.200
11,London,2016,3,10,0.800
11,London,2016,3,11,0.800
11,London,2016,3,12,1.000
11,London,2016,3,13,1.600
11,London,2016,4,13,0.800
11,London,2016,4,15,1.200
12,Birmingham,2012,2,7,0.800
12,Birmingham,2012,2,8,1.067
12,Birmingham,2012,2,9,0.800
12,Birmingham,2012,3,9,1.600
12,Birmingham,2012,3,10,0.800
12,Birmingham,2012,3,11,0.960
12,Birmingham,2012,3,12,1.000
12,Birmingham,2012,3,13,1.200
12,Birmingham,2012,4,14,1.120
12,Birmingham,2012,4,15,1.067
12,Birmingham,2012,4,16,1.200
12,Birmingham,2012,4,17,1.244
12,Birmingham,2012,4,18,0.800
12,Birmingham,2012,5,18,1.067
12,Birmingham,2012,5,19,0.978
12,Birmingham,2012,5,20,0.985
12,Birmingham,2012,5,21,1.164
12,Birmingham,2012,5,22,1.600
12,Birmingham,2012,6,22,1.200
12,Birmingham,2012,6,23,1.120
12,Birmingham,2012,6,24,1.257
12,Birmingham,2012,6,25,1.067
12,Birmingham,2012,6,26,1.029
12,Birmingham,2012,7,27,1.000
12,Birmingham,2012,7,28,1.067
12,Birmingham,2012,7,29,0.960
12,Birmingham,2012,7,30,1.200
12,Birmingham,2012,7,31,1.200
12,Birmingham,2012,8,31,0.800
12,Birmingham,2012,8,32,1.091
12,Birmingham,2012,8,33,0.873
12,Birmingham,2012,8,34,1.100
12,Birmingham,2012,8,35,0.978
12,Birmingham,2012,9,36,1.200
12,Birmingham,2012,9,37,1.100
12,Birmingham,2012,9,38,0.945
12,Birmingham,2012,9,39,0.800
12,Birmingham,2012,10,40,1.371
12,Birmingham,2012,10,41,0.800
12,Birmingham,2012,10,42,1.100
12,Birmingham,2012,10,43,0.800
12,Birmingham,2012,10,44,1.120
12,Birmingham,2012,11,44,1.600
12,Birmingham,2012,11,45,1.200
12,Birmingham,2012,11,46,1.000
12,Birmingham,2012,11,47,1.040
12,Birmingham,2012,11,48,1.467
12,Birmingham,2012,12,49,0.978
12,Birmingham,2012,12,50,1.250
12,Birmingham,2012,12,51,0.960
12,Birmingham,2012,12,52,0.914
12,Birmingham,2013,1,1,1.100
12,Birmingham,2013,1,2,1.143
12,Birmingham,2013,1,3,1.143
12,Birmingham,2013,1,4,1.164
12,Birmingham,2013,1,5,1.133
12,Birmingham,2013,2,5,1.200
12,Birmingham,2013,2,6,1.200
12,Birmingham,2013,2,7,1.143
12,Birmingham,2013,2,8,1.120
12,Birmingham,2013,2,9,1.267
12,Birmingham,2013,3,9,0.800
12,Birmingham,2013,3,10,1.143
12,Birmingham,2013,3,11,0.933
12,Birmingham,2013,3,12,1.200
12,Birmingham,2013,3,13,0.978
12,Birmingham,2013,4,14,0.960
12,Birmingham,2013,4,15,1.000
12,Birmingham,2013,4,16,0.800
12,Birmingham,2013,4,17,1.169
12,Birmingham,2013,4,18,0.960
12,Birmingham,2013,5,18,0.800
12,Birmingham,2013,5,19,0.800
12,Birmingham,2013,5,20,0.800
12,Birmingham,2013,5,21,1.000
12,Birmingham,2013,5,22,1.120
12,Birmingham,2013,6,23,0.800
12,Birmingham,2013,6,24,1.067
12,Birmingham,2013,6,25,0.880
12,Birmingham,2013,6,26,1.280
12,Birmingham,2013,7,27,0.978
12,Birmingham,2013,7,28,1.000
12,Birmingham,2013,7,29,1.029
12,Birmingham,2013,7,30,1.200
12,Birmingham,2013,7,31,1.000
12,Birmingham,2013,8,31,1.333
12,Birmingham,2013,8,32,0.960
12,Birmingham,2013,8,33,1.067
12,Birmingham,2013,8,34,1.067
12,Birmingham,2013,8,35,1.120
12,Birmingham,2013,9,36,0.914
12,Birmingham,2013,9,37,1.018
12,Birmingham,2013,9,38,1.120
12,Birmingham,2013,9,39,1.300
12,Birmingham,2013,9,40,1.200
12,Birmingham,2013,10,40,1.029
12,Birmingham,2013,10,41,0.978
12,Birmingham,2013,10,42,0.867
12,Birmingham,2013,10,43,0.889
12,Birmingham,2013,10,44,1.143
12,Birmingham,2013,11,44,0.800
12,Birmingham,2013,11,45,1.108
12,Birmingham,2013,11,46,1.360
12,Birmingham,2013,11,47,1.143
12,Birmingham,2013,11,48,1.164
12,Birmingham,2013,12,1,0.800
12,Birmingham,2013,12,49,1.018
12,Birmingham,2013,12,50,0.971
12,Birmingham,2013,12,51,1.200
12,Birmingham,2013,12,52,0.978
12,Birmingham,2014,1,1,0.800
12,Birmingham,2014,1,2,1.200
12,Birmingham,2014,1,3,1.067
12,Birmingham,2014,1,4,1.100
12,Birmingham,2014,1,5,1.400
12,Birmingham,2014,2,6,0.985
12,Birmingham,2014,2,7,0.914
12,Birmingham,2014,2,8,0.914
12,Birmingham,2014,2,9,1.200
12,Birmingham,2014,3,10,1.200
12,Birmingham,2014,3,11,0.933
12,Birmingham,2014,3,12,1.067
12,Birmingham,2014,3,13,0.933
12,Birmingham,2014,3,14,1.067
12,Birmingham,2014,4,14,0.800
12,Birmingham,2014,4,15,1.300
12,Birmingham,2014,4,16,1.018
12,Birmingham,2014,4,17,0.889
12,Birmingham,2014,4,18,1.120
12,Birmingham,2014,5,18,1.029
12,Birmingham,2014,5,19,0.978
12,Birmingham,2014,5,20,1.200
12,Birmingham,2014,5,21,1.067
12,Birmingham,2014,5,22,1.000
12,Birmingham,2014,6,23,0.933
12,Birmingham,2014,6,24,1.173
12,Birmingham,2014,6,25,1.333
12,Birmingham,2014,6,26,0.889
12,Birmingham,2014,6,27,0.800
12,Birmingham,2014,7,27,1.200
12,Birmingham,2014,7,28,1.000
12,Birmingham,2014,7,29,1.280
12,Birmingham,2014,7,30,1.371
12,Birmingham,2014,7,31,1.029
12,Birmingham,2014,8,31,1.200
12,Birmingham,2014,8,32,1.150
12,Birmingham,2014,8,33,1.164
12,Birmingham,2014,8,34,1.400
12,Birmingham,2014,8,35,1.267
12,Birmingham,2014,9,36,1.143
12,Birmingham,2014,9,37,1.100
12,Birmingham,2014,9,38,1.200
12,Birmingham,2014,9,39,1.029
12,Birmingham,2014,9,40,1.067
12,Birmingham,2014,10,40,0.800
12,Birmingham,2014,10,41,1.100
12,Birmingham,2014,10,42,1.143
12,Birmingham,2014,10,43,1.133
12,Birmingham,2014,10,44,0.960
12,Birmingham,2014,11,45,0.960
12,Birmingham,2014,11,46,1.100
12,Birmingham,2014,11,47,0.914
12,Birmingham,2014,11,48,1.120
12,Birmingham,2014,12,1,1.029
12,Birmingham,2014,12,49,0.971
12,Birmingham,2014,12,50,1.280
12,Birmingham,2014,12,51,1.046
12,Birmingham,2014,12,52,1.046
12,Birmingham,2015,1,1,1.200
12,Birmingham,2015,1,2,0.900
12,Birmingham,2015,1,3,0.867
12,Birmingham,2015,1,4,1.067
12,Birmingham,2015,1,5,0.978
12,Birmingham,2015,2,6,0.978
12,Birmingham,2015,2,7,0.800
12,Birmingham,2015,2,8,1.100
12,Birmingham,2015,2,9,1.029
12,Birmingham,2015,3,10,1.067
12,Birmingham,2015,3,11,0.914
12,Birmingham,2015,3,12,1.100
12,Birmingham,2015,3,13,1.046
12,Birmingham,2015,3,14,1.200
12,Birmingham,2015,4,14,1.400
12,Birmingham,2015,4,15,1.200
12,Birmingham,2015,4,16,1.000
12,Birmingham,2015,4,17,1.200
12,Birmingham,2015,4,18,1.333
12,Birmingham,2015,5,18,1.600
12,Birmingham,2015,5,19,1.257
12,Birmingham,2015,5,20,1.333
12,Birmingham,2015,5,21,1.486
12,Birmingham,2015,5,22,1.067
12,Birmingham,2015,6,23,0.800
12,Birmingham,2015,6,24,1.067
12,Birmingham,2015,6,25,1.029
12,Birmingham,2015,6,26,1.100
12,Birmingham,2015,6,27,1.600
12,Birmingham,2015,7,27,0.800
12,Birmingham,2015,7,28,1.200
12,Birmingham,2015,7,29,1.067
12,Birmingham,2015,7,30,1.067
12,Birmingham,2015,7,31,1.280
12,Birmingham,2015,8,32,1.600
12,Birmingham,2015,8,33,1.029
12,Birmingham,2015,8,34,1.200
12,Birmingham,2015,8,35,1.156
12,Birmingham,2015,9,36,1.120
12,Birmingham,2015,9,37,1.067
12,Birmingham,2015,9,38,1.200
12,Birmingham,2015,9,39,1.067
12,Birmingham,2015,9,40,1.600
12,Birmingham,2015,10,40,1.333
12,Birmingham,2015,10,41,1.120
12,Birmingham,2015,10,42,1.371
12,Birmingham,2015,10,43,1.067
12,Birmingham,2015,10,44,1.067
12,Birmingham,2015,11,45,1.029
12,Birmingham,2015,11,46,1.200
12,Birmingham,2015,11,47,0.800
12,Birmingham,2015,11,48,0.800
12,Birmingham,2015,12,49,1.029
12,Birmingham,2015,12,50,1.000
12,Birmingham,2015,12,51,1.120
12,Birmingham,2015,12,52,1.067
12,Birmingham,2015,12,53,1.200
12,Birmingham,2016,1,1,1.200
12,Birmingham,2016,1,2,1.120
12,Birmingham,2016,1,3,1.029
12,Birmingham,2016,1,4,0.960
12,Birmingham,2016,1,53,1.067
12,Birmingham,2016,2,5,0.914
12,Birmingham,2016,2,6,1.200
12,Birmingham,2016,2,7,0.800
12,Birmingham,2016,2,8,1.200
12,Birmingham,2016,2,9,0.800
12,Birmingham,2016,3,9,0.800
12,Birmingham,2016,3,10,0.800
12,Birmingham,2016,3,11,1.600
12,Birmingham,2016,3,12,1.067
12,Birmingham,2016,3,13,0.800
12,Birmingham,2016,4,14,1.600
